[INFO] [launch]: All log files can be found below /home/ros/.ros/log/2026-08-19-12-38-11-679186-ChengYeeYu-57402
[INFO] [launch]: Default logging verbosity is set to INFO
urdf_file_name : turtlebot3_burger.urdf
urdf_file_name : turtlebot3_burger.urdf
urdf_file_name : turtlebot3_burger.urdf
[INFO] [gzserver-1]: process started with pid [57429]
[INFO] [robot_state_publisher-2]: process started with pid [57431]
[INFO] [spawn_entity.py-3]: process started with pid [57433]
[INFO] [map_server-4]: process started with pid [57436]
[INFO] [amcl-5]: process started with pid [57438]
[INFO] [lifecycle_manager-6]: process started with pid [57440]
[INFO] [controller_server-7]: process started with pid [57442]
[INFO] [smoother_server-8]: process started with pid [57444]
[INFO] [planner_server-9]: process started with pid [57446]
[INFO] [behavior_server-10]: process started with pid [57448]
[INFO] [bt_navigator-11]: process started with pid [57450]
[INFO] [waypoint_follower-12]: process started with pid [57452]
[INFO] [velocity_smoother-13]: process started with pid [57456]
[INFO] [lifecycle_manager-14]: process started with pid [57458]
[controller_server-7] [INFO] [1787143093.026417755] [controller_server]: 
[controller_server-7] 	controller_server lifecycle node launched. 
[controller_server-7] 	Waiting on external lifecycle transitions to activate
[controller_server-7] 	See https://design.ros2.org/articles/node_lifecycle.html for more information.
[waypoint_follower-12] [INFO] [1787143093.032540618] [waypoint_follower]: 
[waypoint_follower-12] 	waypoint_follower lifecycle node launched. 
[waypoint_follower-12] 	Waiting on external lifecycle transitions to activate
[waypoint_follower-12] 	See https://design.ros2.org/articles/node_lifecycle.html for more information.
[waypoint_follower-12] [INFO] [1787143093.033077310] [waypoint_follower]: Creating
[map_server-4] [INFO] [1787143093.034001384] [map_server]: 
[map_server-4] 	map_server lifecycle node launched. 
[map_server-4] 	Waiting on external lifecycle transitions to activate
[map_server-4] 	See https://design.ros2.org/articles/node_lifecycle.html for more information.
[map_server-4] [INFO] [1787143093.034829276] [map_server]: Creating
[velocity_smoother-13] [INFO] [1787143093.035501905] [velocity_smoother]: 
[velocity_smoother-13] 	velocity_smoother lifecycle node launched. 
[velocity_smoother-13] 	Waiting on external lifecycle transitions to activate
[velocity_smoother-13] 	See https://design.ros2.org/articles/node_lifecycle.html for more information.
[amcl-5] [INFO] [1787143093.036661002] [amcl]: 
[amcl-5] 	amcl lifecycle node launched. 
[amcl-5] 	Waiting on external lifecycle transitions to activate
[amcl-5] 	See https://design.ros2.org/articles/node_lifecycle.html for more information.
[amcl-5] [INFO] [1787143093.037420625] [amcl]: Creating
[smoother_server-8] [INFO] [1787143093.038109034] [smoother_server]: 
[smoother_server-8] 	smoother_server lifecycle node launched. 
[smoother_server-8] 	Waiting on external lifecycle transitions to activate
[smoother_server-8] 	See https://design.ros2.org/articles/node_lifecycle.html for more information.
[controller_server-7] [INFO] [1787143093.038512285] [controller_server]: Creating controller server
[smoother_server-8] [INFO] [1787143093.039736885] [smoother_server]: Creating smoother server
[planner_server-9] [INFO] [1787143093.042370585] [planner_server]: 
[planner_server-9] 	planner_server lifecycle node launched. 
[planner_server-9] 	Waiting on external lifecycle transitions to activate
[planner_server-9] 	See https://design.ros2.org/articles/node_lifecycle.html for more information.
[planner_server-9] [INFO] [1787143093.043939435] [planner_server]: Creating
[lifecycle_manager-6] [INFO] [1787143093.044959399] [lifecycle_manager_localization]: Creating
[bt_navigator-11] [INFO] [1787143093.049152390] [bt_navigator]: 
[bt_navigator-11] 	bt_navigator lifecycle node launched. 
[bt_navigator-11] 	Waiting on external lifecycle transitions to activate
[bt_navigator-11] 	See https://design.ros2.org/articles/node_lifecycle.html for more information.
[bt_navigator-11] [INFO] [1787143093.049866668] [bt_navigator]: Creating
[lifecycle_manager-6] [INFO] [1787143093.050394424] [lifecycle_manager_localization]: [34m[1mCreating and initializing lifecycle service clients[0m[0m
[lifecycle_manager-6] [INFO] [1787143093.053880572] [lifecycle_manager_localization]: [34m[1mStarting managed nodes bringup...[0m[0m
[lifecycle_manager-6] [INFO] [1787143093.053920116] [lifecycle_manager_localization]: [34m[1mConfiguring map_server[0m[0m
[map_server-4] [INFO] [1787143093.054179986] [map_server]: Configuring
[map_server-4] [INFO] [1787143093.054234329] [map_io]: Loading yaml file: /workspaces/navigation_recruitment/install/bringup/share/bringup/maps/world2_house.yaml
[planner_server-9] [INFO] [1787143093.058888400] [global_costmap.global_costmap]: 
[planner_server-9] 	global_costmap lifecycle node launched. 
[planner_server-9] 	Waiting on external lifecycle transitions to activate
[planner_server-9] 	See https://design.ros2.org/articles/node_lifecycle.html for more information.
[planner_server-9] [INFO] [1787143093.059364508] [global_costmap.global_costmap]: Creating Costmap
[behavior_server-10] [INFO] [1787143093.061229117] [behavior_server]: 
[behavior_server-10] 	behavior_server lifecycle node launched. 
[behavior_server-10] 	Waiting on external lifecycle transitions to activate
[behavior_server-10] 	See https://design.ros2.org/articles/node_lifecycle.html for more information.
[map_server-4] [INFO] [1787143093.061498745] [map_io]: resolution: 0.05
[map_server-4] [INFO] [1787143093.061514365] [map_io]: origin[0]: -7.45
[map_server-4] [INFO] [1787143093.061519484] [map_io]: origin[1]: -5.23
[map_server-4] [INFO] [1787143093.061523903] [map_io]: origin[2]: 0
[map_server-4] [INFO] [1787143093.061528431] [map_io]: free_thresh: 0.25
[map_server-4] [INFO] [1787143093.061532599] [map_io]: occupied_thresh: 0.65
[map_server-4] [INFO] [1787143093.061537498] [map_io]: mode: trinary
[map_server-4] [INFO] [1787143093.061542358] [map_io]: negate: 0
[map_server-4] [INFO] [1787143093.061729771] [map_io]: Loading image_file: /workspaces/navigation_recruitment/install/bringup/share/bringup/maps/world2_house.pgm
[controller_server-7] [INFO] [1787143093.065011213] [local_costmap.local_costmap]: 
[controller_server-7] 	local_costmap lifecycle node launched. 
[controller_server-7] 	Waiting on external lifecycle transitions to activate
[controller_server-7] 	See https://design.ros2.org/articles/node_lifecycle.html for more information.
[controller_server-7] [INFO] [1787143093.066163527] [local_costmap.local_costmap]: Creating Costmap
[robot_state_publisher-2] [INFO] [1787143093.067666082] [robot_state_publisher]: got segment base_footprint
[robot_state_publisher-2] [INFO] [1787143093.067799474] [robot_state_publisher]: got segment base_link
[robot_state_publisher-2] [INFO] [1787143093.067808050] [robot_state_publisher]: got segment base_scan
[robot_state_publisher-2] [INFO] [1787143093.067813049] [robot_state_publisher]: got segment caster_back_link
[robot_state_publisher-2] [INFO] [1787143093.067817618] [robot_state_publisher]: got segment imu_link
[robot_state_publisher-2] [INFO] [1787143093.067822397] [robot_state_publisher]: got segment wheel_left_link
[robot_state_publisher-2] [INFO] [1787143093.067827136] [robot_state_publisher]: got segment wheel_right_link
[map_server-4] [INFO] [1787143093.071252639] [map_io]: Read map /workspaces/navigation_recruitment/install/bringup/share/bringup/maps/world2_house.pgm: 297 X 210 map @ 0.05 m/cell
[lifecycle_manager-14] [INFO] [1787143093.072974949] [lifecycle_manager_navigation]: Creating
[lifecycle_manager-14] [INFO] [1787143093.074202114] [lifecycle_manager_navigation]: [34m[1mCreating and initializing lifecycle service clients[0m[0m
[lifecycle_manager-6] [INFO] [1787143093.077754276] [lifecycle_manager_localization]: [34m[1mConfiguring amcl[0m[0m
[amcl-5] [INFO] [1787143093.077937281] [amcl]: Configuring
[amcl-5] [INFO] [1787143093.078001973] [amcl]: initTransforms
[amcl-5] [INFO] [1787143093.085820806] [amcl]: initPubSub
[amcl-5] [INFO] [1787143093.088879687] [amcl]: Subscribed to map topic.
[lifecycle_manager-6] [INFO] [1787143093.091323168] [lifecycle_manager_localization]: [34m[1mActivating map_server[0m[0m
[map_server-4] [INFO] [1787143093.092336580] [map_server]: Activating
[map_server-4] [INFO] [1787143093.092540184] [map_server]: Creating bond (map_server) to lifecycle manager.
[amcl-5] [INFO] [1787143093.092723690] [amcl]: Received a 297 X 210 map @ 0.050 m/pix
[lifecycle_manager-6] [INFO] [1787143093.196153871] [lifecycle_manager_localization]: Server map_server connected with bond.
[lifecycle_manager-6] [INFO] [1787143093.196207212] [lifecycle_manager_localization]: [34m[1mActivating amcl[0m[0m
[amcl-5] [INFO] [1787143093.196442987] [amcl]: Activating
[amcl-5] [INFO] [1787143093.196480778] [amcl]: Creating bond (amcl) to lifecycle manager.
[lifecycle_manager-14] [INFO] [1787143093.287481337] [lifecycle_manager_navigation]: [34m[1mStarting managed nodes bringup...[0m[0m
[lifecycle_manager-14] [INFO] [1787143093.287537132] [lifecycle_manager_navigation]: [34m[1mConfiguring controller_server[0m[0m
[controller_server-7] [INFO] [1787143093.287758019] [controller_server]: Configuring controller interface
[controller_server-7] [INFO] [1787143093.287872195] [controller_server]: getting goal checker plugins..
[controller_server-7] [INFO] [1787143093.287919654] [controller_server]: Controller frequency set to 20.0000Hz
[controller_server-7] [INFO] [1787143093.287941485] [local_costmap.local_costmap]: Configuring
[controller_server-7] [INFO] [1787143093.291489730] [local_costmap.local_costmap]: Using plugin "voxel_layer"
[controller_server-7] [INFO] [1787143093.296739235] [local_costmap.local_costmap]: Subscribed to Topics: scan
[lifecycle_manager-6] [INFO] [1787143093.300287389] [lifecycle_manager_localization]: Server amcl connected with bond.
[lifecycle_manager-6] [INFO] [1787143093.300877232] [lifecycle_manager_localization]: [34m[1mManaged nodes are active[0m[0m
[lifecycle_manager-6] [INFO] [1787143093.300892882] [lifecycle_manager_localization]: [34m[1mCreating bond timer...[0m[0m
[controller_server-7] [INFO] [1787143093.315406716] [local_costmap.local_costmap]: Initialized plugin "voxel_layer"
[controller_server-7] [INFO] [1787143093.315457833] [local_costmap.local_costmap]: Using plugin "inflation_layer"
[controller_server-7] [INFO] [1787143093.316209140] [local_costmap.local_costmap]: Initialized plugin "inflation_layer"
[controller_server-7] [INFO] [1787143093.323295621] [controller_server]: Created progress_checker : progress_checker of type nav2_controller::SimpleProgressChecker
[controller_server-7] [INFO] [1787143093.323893519] [controller_server]: Created goal checker : general_goal_checker of type nav2_controller::SimpleGoalChecker
[controller_server-7] [INFO] [1787143093.324032802] [controller_server]: Controller Server has general_goal_checker  goal checkers available.
[controller_server-7] [INFO] [1787143093.325145101] [controller_server]: Created controller : FollowPath of type dwb_core::DWBLocalPlanner
[controller_server-7] [INFO] [1787143093.325616721] [controller_server]: Setting transform_tolerance to 0.200000
[controller_server-7] [INFO] [1787143093.330333560] [controller_server]: Using critic "RotateToGoal" (dwb_critics::RotateToGoalCritic)
[controller_server-7] [INFO] [1787143093.330735378] [controller_server]: Critic plugin initialized
[controller_server-7] [INFO] [1787143093.330801233] [controller_server]: Using critic "Oscillation" (dwb_critics::OscillationCritic)
[controller_server-7] [INFO] [1787143093.330960794] [controller_server]: Critic plugin initialized
[controller_server-7] [INFO] [1787143093.331028030] [controller_server]: Using critic "BaseObstacle" (dwb_critics::BaseObstacleCritic)
[controller_server-7] [INFO] [1787143093.331103142] [controller_server]: Critic plugin initialized
[controller_server-7] [INFO] [1787143093.331155100] [controller_server]: Using critic "GoalAlign" (dwb_critics::GoalAlignCritic)
[controller_server-7] [INFO] [1787143093.331283462] [controller_server]: Critic plugin initialized
[controller_server-7] [INFO] [1787143093.331332585] [controller_server]: Using critic "PathAlign" (dwb_critics::PathAlignCritic)
[controller_server-7] [INFO] [1787143093.331438104] [controller_server]: Critic plugin initialized
[controller_server-7] [INFO] [1787143093.331483309] [controller_server]: Using critic "PathDist" (dwb_critics::PathDistCritic)
[controller_server-7] [INFO] [1787143093.331551218] [controller_server]: Critic plugin initialized
[controller_server-7] [INFO] [1787143093.331589219] [controller_server]: Using critic "GoalDist" (dwb_critics::GoalDistCritic)
[controller_server-7] [INFO] [1787143093.331669541] [controller_server]: Critic plugin initialized
[controller_server-7] [INFO] [1787143093.331683697] [controller_server]: Controller Server has FollowPath  controllers available.
[lifecycle_manager-14] [INFO] [1787143093.335696689] [lifecycle_manager_navigation]: [34m[1mConfiguring smoother_server[0m[0m
[spawn_entity.py-3] [INFO] [1787143093.335798411] [spawn_entity]: Spawn Entity started
[smoother_server-8] [INFO] [1787143093.335837555] [smoother_server]: Configuring smoother server
[spawn_entity.py-3] [INFO] [1787143093.336115289] [spawn_entity]: Loading entity XML from file /opt/ros/humble/share/turtlebot3_gazebo/models/turtlebot3_burger/model.sdf
[spawn_entity.py-3] [INFO] [1787143093.336727274] [spawn_entity]: Waiting for service /spawn_entity, timeout = 30
[spawn_entity.py-3] [INFO] [1787143093.336950866] [spawn_entity]: Waiting for service /spawn_entity
[smoother_server-8] [INFO] [1787143093.340505693] [smoother_server]: Created smoother : simple_smoother of type nav2_smoother::SimpleSmoother
[smoother_server-8] [INFO] [1787143093.340754582] [smoother_server]: Smoother Server has simple_smoother  smoothers available.
[lifecycle_manager-14] [INFO] [1787143093.343583470] [lifecycle_manager_navigation]: [34m[1mConfiguring planner_server[0m[0m
[planner_server-9] [INFO] [1787143093.343734966] [planner_server]: Configuring
[planner_server-9] [INFO] [1787143093.343760725] [global_costmap.global_costmap]: Configuring
[planner_server-9] [INFO] [1787143093.346808555] [global_costmap.global_costmap]: Using plugin "static_layer"
[amcl-5] [INFO] [1787143093.347380905] [amcl]: initialPoseReceived
[amcl-5] [INFO] [1787143093.347457059] [amcl]: Setting pose (0.000000): -1.407 3.864 0.000
[amcl-5] [INFO] [1787143093.347907549] [amcl]: initialPoseReceived
[amcl-5] [INFO] [1787143093.347920072] [amcl]: Setting pose (0.000000): -1.407 3.864 0.000
[planner_server-9] [INFO] [1787143093.348828647] [global_costmap.global_costmap]: Subscribing to the map topic (/map) with transient local durability
[planner_server-9] [INFO] [1787143093.349616483] [global_costmap.global_costmap]: Initialized plugin "static_layer"
[planner_server-9] [INFO] [1787143093.349632022] [global_costmap.global_costmap]: Using plugin "obstacle_layer"
[planner_server-9] [INFO] [1787143093.349870532] [global_costmap.global_costmap]: Subscribed to Topics: scan
[planner_server-9] [INFO] [1787143093.351712628] [global_costmap.global_costmap]: Initialized plugin "obstacle_layer"
[planner_server-9] [INFO] [1787143093.351730993] [global_costmap.global_costmap]: Using plugin "inflation_layer"
[planner_server-9] [INFO] [1787143093.352157838] [global_costmap.global_costmap]: Initialized plugin "inflation_layer"
[planner_server-9] [INFO] [1787143093.357098260] [planner_server]: Created global planner plugin GridBased of type planner_cpp/CustomPlanner
[planner_server-9] [INFO] [1787143093.357295472] [planner_server]: Configured CustomPlanner "GridBased" (frame: map)
[planner_server-9] [INFO] [1787143093.357308977] [planner_server]: Planner Server has GridBased  planners available.
[planner_server-9] [INFO] [1787143093.360078743] [global_costmap.global_costmap]: StaticLayer: Resizing costmap to 297 X 210 at 0.050000 m/pix
[lifecycle_manager-14] [INFO] [1787143093.361759725] [lifecycle_manager_navigation]: [34m[1mConfiguring behavior_server[0m[0m
[behavior_server-10] [INFO] [1787143093.361910339] [behavior_server]: Configuring
[behavior_server-10] [INFO] [1787143093.366516179] [behavior_server]: Creating behavior plugin spin of type nav2_behaviors/Spin
[behavior_server-10] [INFO] [1787143093.366970927] [behavior_server]: Configuring spin
[behavior_server-10] [INFO] [1787143093.369551506] [behavior_server]: Creating behavior plugin backup of type nav2_behaviors/BackUp
[behavior_server-10] [INFO] [1787143093.369994342] [behavior_server]: Configuring backup
[behavior_server-10] [INFO] [1787143093.372166931] [behavior_server]: Creating behavior plugin drive_on_heading of type nav2_behaviors/DriveOnHeading
[behavior_server-10] [INFO] [1787143093.372605829] [behavior_server]: Configuring drive_on_heading
[behavior_server-10] [INFO] [1787143093.374801392] [behavior_server]: Creating behavior plugin assisted_teleop of type nav2_behaviors/AssistedTeleop
[behavior_server-10] [INFO] [1787143093.375760682] [behavior_server]: Configuring assisted_teleop
[behavior_server-10] [INFO] [1787143093.378760422] [behavior_server]: Creating behavior plugin wait of type nav2_behaviors/Wait
[behavior_server-10] [INFO] [1787143093.379182087] [behavior_server]: Configuring wait
[lifecycle_manager-14] [INFO] [1787143093.381523565] [lifecycle_manager_navigation]: [34m[1mConfiguring bt_navigator[0m[0m
[bt_navigator-11] [INFO] [1787143093.381662287] [bt_navigator]: Configuring
[lifecycle_manager-14] [INFO] [1787143093.419204972] [lifecycle_manager_navigation]: [34m[1mConfiguring waypoint_follower[0m[0m
[waypoint_follower-12] [INFO] [1787143093.419350206] [waypoint_follower]: Configuring
[waypoint_follower-12] [INFO] [1787143093.426029548] [waypoint_follower]: Created waypoint_task_executor : wait_at_waypoint of type nav2_waypoint_follower::WaitAtWaypoint
[lifecycle_manager-14] [INFO] [1787143093.426473626] [lifecycle_manager_navigation]: [34m[1mConfiguring velocity_smoother[0m[0m
[velocity_smoother-13] [INFO] [1787143093.426624902] [velocity_smoother]: Configuring velocity smoother
[lifecycle_manager-14] [INFO] [1787143093.428568910] [lifecycle_manager_navigation]: [34m[1mActivating controller_server[0m[0m
[controller_server-7] [INFO] [1787143093.428665692] [controller_server]: Activating
[controller_server-7] [INFO] [1787143093.428693835] [local_costmap.local_costmap]: Activating
[controller_server-7] [INFO] [1787143093.428702532] [local_costmap.local_costmap]: Checking transform
[controller_server-7] [INFO] [1787143093.428718121] [local_costmap.local_costmap]: Timed out waiting for transform from base_link to odom to become available, tf error: Invalid frame ID "odom" passed to canTransform argument target_frame - frame does not exist
[controller_server-7] [INFO] [1787143093.928886345] [local_costmap.local_costmap]: Timed out waiting for transform from base_link to odom to become available, tf error: Invalid frame ID "odom" passed to canTransform argument target_frame - frame does not exist
[amcl-5] [INFO] [1787143094.348202506] [amcl]: initialPoseReceived
[amcl-5] [INFO] [1787143094.348300541] [amcl]: Setting pose (0.000000): -1.407 3.864 0.000
[controller_server-7] [INFO] [1787143094.428785800] [local_costmap.local_costmap]: Timed out waiting for transform from base_link to odom to become available, tf error: Invalid frame ID "odom" passed to canTransform argument target_frame - frame does not exist
[gzserver-1] ALSA lib confmisc.c:855:(parse_card) cannot find card '0'
[gzserver-1] ALSA lib conf.c:5182:(_snd_config_evaluate) function snd_func_card_inum returned error: No such file or directory
[gzserver-1] ALSA lib confmisc.c:422:(snd_func_concat) error evaluating strings
[gzserver-1] ALSA lib conf.c:5182:(_snd_config_evaluate) function snd_func_concat returned error: No such file or directory
[gzserver-1] ALSA lib confmisc.c:1334:(snd_func_refer) error evaluating name
[gzserver-1] ALSA lib conf.c:5182:(_snd_config_evaluate) function snd_func_refer returned error: No such file or directory
[gzserver-1] ALSA lib conf.c:5705:(snd_config_expand) Evaluate error: No such file or directory
[gzserver-1] ALSA lib pcm.c:2664:(snd_pcm_open_noupdate) Unknown PCM default
[gzserver-1] AL lib: (EE) ALCplaybackAlsa_open: Could not open playback device 'default': No such file or directory
[spawn_entity.py-3] [INFO] [1787143094.592325354] [spawn_entity]: Calling service /spawn_entity
[controller_server-7] [INFO] [1787143094.928811473] [local_costmap.local_costmap]: Timed out waiting for transform from base_link to odom to become available, tf error: Invalid frame ID "odom" passed to canTransform argument target_frame - frame does not exist
[amcl-5] [INFO] [1787143095.348826614] [amcl]: initialPoseReceived
[amcl-5] [INFO] [1787143095.348918828] [amcl]: Setting pose (0.000000): -1.407 3.864 0.000
[controller_server-7] [INFO] [1787143095.428773878] [local_costmap.local_costmap]: Timed out waiting for transform from base_link to odom to become available, tf error: Invalid frame ID "odom" passed to canTransform argument target_frame - frame does not exist
[controller_server-7] [INFO] [1787143095.928805272] [local_costmap.local_costmap]: Timed out waiting for transform from base_link to odom to become available, tf error: Invalid frame ID "odom" passed to canTransform argument target_frame - frame does not exist
[amcl-5] [INFO] [1787143096.349662401] [amcl]: initialPoseReceived
[amcl-5] [INFO] [1787143096.349794961] [amcl]: Setting pose (0.000000): -1.407 3.864 0.000
[controller_server-7] [INFO] [1787143096.428811549] [local_costmap.local_costmap]: Timed out waiting for transform from base_link to odom to become available, tf error: Invalid frame ID "odom" passed to canTransform argument target_frame - frame does not exist
[controller_server-7] [INFO] [1787143096.928777880] [local_costmap.local_costmap]: Timed out waiting for transform from base_link to odom to become available, tf error: Invalid frame ID "odom" passed to canTransform argument target_frame - frame does not exist
[amcl-5] [INFO] [1787143097.350678648] [amcl]: initialPoseReceived
[amcl-5] [INFO] [1787143097.350861243] [amcl]: Setting pose (0.000000): -1.407 3.864 0.000
[controller_server-7] [INFO] [1787143097.429302435] [local_costmap.local_costmap]: Timed out waiting for transform from base_link to odom to become available, tf error: Invalid frame ID "odom" passed to canTransform argument target_frame - frame does not exist
[controller_server-7] [INFO] [1787143097.929143951] [local_costmap.local_costmap]: Timed out waiting for transform from base_link to odom to become available, tf error: Invalid frame ID "odom" passed to canTransform argument target_frame - frame does not exist
[amcl-5] [INFO] [1787143098.351745694] [amcl]: initialPoseReceived
[amcl-5] [INFO] [1787143098.351904253] [amcl]: Setting pose (0.000000): -1.407 3.864 0.000
[controller_server-7] [INFO] [1787143098.428774240] [local_costmap.local_costmap]: Timed out waiting for transform from base_link to odom to become available, tf error: Invalid frame ID "odom" passed to canTransform argument target_frame - frame does not exist
[controller_server-7] [INFO] [1787143098.928797861] [local_costmap.local_costmap]: Timed out waiting for transform from base_link to odom to become available, tf error: Invalid frame ID "odom" passed to canTransform argument target_frame - frame does not exist
[amcl-5] [INFO] [1787143099.352685148] [amcl]: initialPoseReceived
[amcl-5] [INFO] [1787143099.352759919] [amcl]: Setting pose (0.000000): -1.407 3.864 0.000
[controller_server-7] [INFO] [1787143099.429011529] [local_costmap.local_costmap]: Timed out waiting for transform from base_link to odom to become available, tf error: Invalid frame ID "odom" passed to canTransform argument target_frame - frame does not exist
[controller_server-7] [INFO] [1787143099.929207254] [local_costmap.local_costmap]: Timed out waiting for transform from base_link to odom to become available, tf error: Invalid frame ID "odom" passed to canTransform argument target_frame - frame does not exist
[amcl-5] [INFO] [1787143100.353388007] [amcl]: initialPoseReceived
[amcl-5] [INFO] [1787143100.353626076] [amcl]: Setting pose (0.000000): -1.407 3.864 0.000
[controller_server-7] [INFO] [1787143100.428820452] [local_costmap.local_costmap]: Timed out waiting for transform from base_link to odom to become available, tf error: Invalid frame ID "odom" passed to canTransform argument target_frame - frame does not exist
[controller_server-7] [INFO] [1787143100.928854972] [local_costmap.local_costmap]: Timed out waiting for transform from base_link to odom to become available, tf error: Invalid frame ID "odom" passed to canTransform argument target_frame - frame does not exist
[amcl-5] [INFO] [1787143101.354264503] [amcl]: initialPoseReceived
[amcl-5] [INFO] [1787143101.354378117] [amcl]: Setting pose (0.000000): -1.407 3.864 0.000
[controller_server-7] [INFO] [1787143101.428823580] [local_costmap.local_costmap]: Timed out waiting for transform from base_link to odom to become available, tf error: Invalid frame ID "odom" passed to canTransform argument target_frame - frame does not exist
[controller_server-7] [INFO] [1787143101.928798669] [local_costmap.local_costmap]: Timed out waiting for transform from base_link to odom to become available, tf error: Invalid frame ID "odom" passed to canTransform argument target_frame - frame does not exist
[amcl-5] [INFO] [1787143102.355145215] [amcl]: initialPoseReceived
[amcl-5] [INFO] [1787143102.355237459] [amcl]: Setting pose (0.000000): -1.407 3.864 0.000
[controller_server-7] [INFO] [1787143102.429282777] [local_costmap.local_costmap]: Timed out waiting for transform from base_link to odom to become available, tf error: Invalid frame ID "odom" passed to canTransform argument target_frame - frame does not exist
[controller_server-7] [INFO] [1787143102.928791846] [local_costmap.local_costmap]: Timed out waiting for transform from base_link to odom to become available, tf error: Invalid frame ID "odom" passed to canTransform argument target_frame - frame does not exist
[amcl-5] [INFO] [1787143103.355719717] [amcl]: initialPoseReceived
[amcl-5] [INFO] [1787143103.355800320] [amcl]: Setting pose (0.000000): -1.407 3.864 0.000
[controller_server-7] [INFO] [1787143103.428835351] [local_costmap.local_costmap]: Timed out waiting for transform from base_link to odom to become available, tf error: Invalid frame ID "odom" passed to canTransform argument target_frame - frame does not exist
[controller_server-7] [INFO] [1787143103.929191198] [local_costmap.local_costmap]: Timed out waiting for transform from base_link to odom to become available, tf error: Invalid frame ID "odom" passed to canTransform argument target_frame - frame does not exist
[amcl-5] [INFO] [1787143104.356811759] [amcl]: initialPoseReceived
[amcl-5] [INFO] [1787143104.356939360] [amcl]: Setting pose (0.000000): -1.407 3.864 0.000
[controller_server-7] [INFO] [1787143104.428821958] [local_costmap.local_costmap]: Timed out waiting for transform from base_link to odom to become available, tf error: Invalid frame ID "odom" passed to canTransform argument target_frame - frame does not exist
[controller_server-7] [INFO] [1787143104.928853391] [local_costmap.local_costmap]: Timed out waiting for transform from base_link to odom to become available, tf error: Invalid frame ID "odom" passed to canTransform argument target_frame - frame does not exist
[amcl-5] [INFO] [1787143105.358111610] [amcl]: initialPoseReceived
[amcl-5] [INFO] [1787143105.358233159] [amcl]: Setting pose (0.000000): -1.407 3.864 0.000
[controller_server-7] [INFO] [1787143105.428797428] [local_costmap.local_costmap]: Timed out waiting for transform from base_link to odom to become available, tf error: Invalid frame ID "odom" passed to canTransform argument target_frame - frame does not exist
[controller_server-7] [INFO] [1787143105.928803526] [local_costmap.local_costmap]: Timed out waiting for transform from base_link to odom to become available, tf error: Invalid frame ID "odom" passed to canTransform argument target_frame - frame does not exist
[amcl-5] [INFO] [1787143106.358774080] [amcl]: initialPoseReceived
[amcl-5] [INFO] [1787143106.358881643] [amcl]: Setting pose (0.000000): -1.407 3.864 0.000
[controller_server-7] [INFO] [1787143106.428750701] [local_costmap.local_costmap]: Timed out waiting for transform from base_link to odom to become available, tf error: Invalid frame ID "odom" passed to canTransform argument target_frame - frame does not exist
[controller_server-7] [INFO] [1787143106.928824025] [local_costmap.local_costmap]: Timed out waiting for transform from base_link to odom to become available, tf error: Invalid frame ID "odom" passed to canTransform argument target_frame - frame does not exist
[amcl-5] [INFO] [1787143107.359794967] [amcl]: initialPoseReceived
[amcl-5] [INFO] [1787143107.359949729] [amcl]: Setting pose (0.000000): -1.407 3.864 0.000
[controller_server-7] [INFO] [1787143107.428867210] [local_costmap.local_costmap]: Timed out waiting for transform from base_link to odom to become available, tf error: Invalid frame ID "odom" passed to canTransform argument target_frame - frame does not exist
[controller_server-7] [INFO] [1787143107.928783368] [local_costmap.local_costmap]: Timed out waiting for transform from base_link to odom to become available, tf error: Invalid frame ID "odom" passed to canTransform argument target_frame - frame does not exist
[amcl-5] [INFO] [1787143108.360626856] [amcl]: initialPoseReceived
[amcl-5] [INFO] [1787143108.360773152] [amcl]: Setting pose (0.000000): -1.407 3.864 0.000
[controller_server-7] [INFO] [1787143108.428822107] [local_costmap.local_costmap]: Timed out waiting for transform from base_link to odom to become available, tf error: Invalid frame ID "odom" passed to canTransform argument target_frame - frame does not exist
[controller_server-7] [INFO] [1787143108.928792548] [local_costmap.local_costmap]: Timed out waiting for transform from base_link to odom to become available, tf error: Invalid frame ID "odom" passed to canTransform argument target_frame - frame does not exist
[amcl-5] [INFO] [1787143109.361469689] [amcl]: initialPoseReceived
[amcl-5] [INFO] [1787143109.361602008] [amcl]: Setting pose (0.000000): -1.407 3.864 0.000
[controller_server-7] [INFO] [1787143109.428861253] [local_costmap.local_costmap]: Timed out waiting for transform from base_link to odom to become available, tf error: Invalid frame ID "odom" passed to canTransform argument target_frame - frame does not exist
[controller_server-7] [INFO] [1787143109.928813819] [local_costmap.local_costmap]: Timed out waiting for transform from base_link to odom to become available, tf error: Invalid frame ID "odom" passed to canTransform argument target_frame - frame does not exist
[amcl-5] [INFO] [1787143110.362638536] [amcl]: initialPoseReceived
[amcl-5] [INFO] [1787143110.362774453] [amcl]: Setting pose (0.000000): -1.407 3.864 0.000
[controller_server-7] [INFO] [1787143110.428838420] [local_costmap.local_costmap]: Timed out waiting for transform from base_link to odom to become available, tf error: Invalid frame ID "odom" passed to canTransform argument target_frame - frame does not exist
[controller_server-7] [INFO] [1787143110.928900012] [local_costmap.local_costmap]: Timed out waiting for transform from base_link to odom to become available, tf error: Invalid frame ID "odom" passed to canTransform argument target_frame - frame does not exist
[amcl-5] [INFO] [1787143111.363624096] [amcl]: initialPoseReceived
[amcl-5] [INFO] [1787143111.363834482] [amcl]: Setting pose (0.000000): -1.407 3.864 0.000
[controller_server-7] [INFO] [1787143111.428817542] [local_costmap.local_costmap]: Timed out waiting for transform from base_link to odom to become available, tf error: Invalid frame ID "odom" passed to canTransform argument target_frame - frame does not exist
[controller_server-7] [INFO] [1787143111.928840871] [local_costmap.local_costmap]: Timed out waiting for transform from base_link to odom to become available, tf error: Invalid frame ID "odom" passed to canTransform argument target_frame - frame does not exist
[amcl-5] [INFO] [1787143112.364133588] [amcl]: initialPoseReceived
[amcl-5] [INFO] [1787143112.364212026] [amcl]: Setting pose (0.000000): -1.407 3.864 0.000
[controller_server-7] [INFO] [1787143112.428881243] [local_costmap.local_costmap]: Timed out waiting for transform from base_link to odom to become available, tf error: Invalid frame ID "odom" passed to canTransform argument target_frame - frame does not exist
[controller_server-7] [INFO] [1787143112.929031405] [local_costmap.local_costmap]: Timed out waiting for transform from base_link to odom to become available, tf error: Invalid frame ID "odom" passed to canTransform argument target_frame - frame does not exist
[amcl-5] [INFO] [1787143113.365100497] [amcl]: initialPoseReceived
[amcl-5] [INFO] [1787143113.365215264] [amcl]: Setting pose (0.000000): -1.407 3.864 0.000
[controller_server-7] [INFO] [1787143113.428848146] [local_costmap.local_costmap]: Timed out waiting for transform from base_link to odom to become available, tf error: Invalid frame ID "odom" passed to canTransform argument target_frame - frame does not exist
[controller_server-7] [INFO] [1787143113.929235835] [local_costmap.local_costmap]: Timed out waiting for transform from base_link to odom to become available, tf error: Invalid frame ID "odom" passed to canTransform argument target_frame - frame does not exist
[amcl-5] [INFO] [1787143114.366040264] [amcl]: initialPoseReceived
[amcl-5] [INFO] [1787143114.366153778] [amcl]: Setting pose (0.000000): -1.407 3.864 0.000
[controller_server-7] [INFO] [1787143114.428811209] [local_costmap.local_costmap]: Timed out waiting for transform from base_link to odom to become available, tf error: Invalid frame ID "odom" passed to canTransform argument target_frame - frame does not exist
[controller_server-7] [INFO] [1787143114.928829659] [local_costmap.local_costmap]: Timed out waiting for transform from base_link to odom to become available, tf error: Invalid frame ID "odom" passed to canTransform argument target_frame - frame does not exist
[amcl-5] [INFO] [1787143115.367890475] [amcl]: initialPoseReceived
[amcl-5] [INFO] [1787143115.368004189] [amcl]: Setting pose (0.000000): -1.407 3.864 0.000
[controller_server-7] [INFO] [1787143115.428815409] [local_costmap.local_costmap]: Timed out waiting for transform from base_link to odom to become available, tf error: Invalid frame ID "odom" passed to canTransform argument target_frame - frame does not exist
[controller_server-7] [INFO] [1787143115.929025721] [local_costmap.local_costmap]: Timed out waiting for transform from base_link to odom to become available, tf error: Invalid frame ID "odom" passed to canTransform argument target_frame - frame does not exist
[amcl-5] [INFO] [1787143116.368560009] [amcl]: initialPoseReceived
[amcl-5] [INFO] [1787143116.368699152] [amcl]: Setting pose (0.000000): -1.407 3.864 0.000
[controller_server-7] [INFO] [1787143116.428822692] [local_costmap.local_costmap]: Timed out waiting for transform from base_link to odom to become available, tf error: Invalid frame ID "odom" passed to canTransform argument target_frame - frame does not exist
[controller_server-7] [INFO] [1787143116.928781931] [local_costmap.local_costmap]: Timed out waiting for transform from base_link to odom to become available, tf error: Invalid frame ID "odom" passed to canTransform argument target_frame - frame does not exist
[amcl-5] [INFO] [1787143117.369065744] [amcl]: initialPoseReceived
[amcl-5] [INFO] [1787143117.369153540] [amcl]: Setting pose (0.000000): -1.407 3.864 0.000
[controller_server-7] [INFO] [1787143117.428790683] [local_costmap.local_costmap]: Timed out waiting for transform from base_link to odom to become available, tf error: Invalid frame ID "odom" passed to canTransform argument target_frame - frame does not exist
[controller_server-7] [INFO] [1787143117.928785508] [local_costmap.local_costmap]: Timed out waiting for transform from base_link to odom to become available, tf error: Invalid frame ID "odom" passed to canTransform argument target_frame - frame does not exist
[amcl-5] [INFO] [1787143118.369800801] [amcl]: initialPoseReceived
[amcl-5] [INFO] [1787143118.369903044] [amcl]: Setting pose (0.000000): -1.407 3.864 0.000
[controller_server-7] [INFO] [1787143118.428833443] [local_costmap.local_costmap]: Timed out waiting for transform from base_link to odom to become available, tf error: Invalid frame ID "odom" passed to canTransform argument target_frame - frame does not exist
[controller_server-7] [INFO] [1787143118.928786671] [local_costmap.local_costmap]: Timed out waiting for transform from base_link to odom to become available, tf error: Invalid frame ID "odom" passed to canTransform argument target_frame - frame does not exist
[amcl-5] [INFO] [1787143119.370369446] [amcl]: initialPoseReceived
[amcl-5] [INFO] [1787143119.370460488] [amcl]: Setting pose (0.000000): -1.407 3.864 0.000
[controller_server-7] [INFO] [1787143119.428790745] [local_costmap.local_costmap]: Timed out waiting for transform from base_link to odom to become available, tf error: Invalid frame ID "odom" passed to canTransform argument target_frame - frame does not exist
[controller_server-7] [INFO] [1787143119.928792403] [local_costmap.local_costmap]: Timed out waiting for transform from base_link to odom to become available, tf error: Invalid frame ID "odom" passed to canTransform argument target_frame - frame does not exist
[amcl-5] [INFO] [1787143120.372189109] [amcl]: initialPoseReceived
[amcl-5] [INFO] [1787143120.372300910] [amcl]: Setting pose (0.000000): -1.407 3.864 0.000
[controller_server-7] [INFO] [1787143120.428811954] [local_costmap.local_costmap]: Timed out waiting for transform from base_link to odom to become available, tf error: Invalid frame ID "odom" passed to canTransform argument target_frame - frame does not exist
[controller_server-7] [INFO] [1787143120.928815324] [local_costmap.local_costmap]: Timed out waiting for transform from base_link to odom to become available, tf error: Invalid frame ID "odom" passed to canTransform argument target_frame - frame does not exist
[amcl-5] [INFO] [1787143121.373521313] [amcl]: initialPoseReceived
[amcl-5] [INFO] [1787143121.373633304] [amcl]: Setting pose (0.000000): -1.407 3.864 0.000
[controller_server-7] [INFO] [1787143121.428841071] [local_costmap.local_costmap]: Timed out waiting for transform from base_link to odom to become available, tf error: Invalid frame ID "odom" passed to canTransform argument target_frame - frame does not exist
[controller_server-7] [INFO] [1787143121.928849883] [local_costmap.local_costmap]: Timed out waiting for transform from base_link to odom to become available, tf error: Invalid frame ID "odom" passed to canTransform argument target_frame - frame does not exist
[amcl-5] [INFO] [1787143122.374366032] [amcl]: initialPoseReceived
[amcl-5] [INFO] [1787143122.374468095] [amcl]: Setting pose (0.000000): -1.407 3.864 0.000
[controller_server-7] [INFO] [1787143122.428844291] [local_costmap.local_costmap]: Timed out waiting for transform from base_link to odom to become available, tf error: Invalid frame ID "odom" passed to canTransform argument target_frame - frame does not exist
[controller_server-7] [INFO] [1787143122.929184532] [local_costmap.local_costmap]: Timed out waiting for transform from base_link to odom to become available, tf error: Invalid frame ID "odom" passed to canTransform argument target_frame - frame does not exist
[amcl-5] [INFO] [1787143123.375445781] [amcl]: initialPoseReceived
[amcl-5] [INFO] [1787143123.375559696] [amcl]: Setting pose (0.000000): -1.407 3.864 0.000
[controller_server-7] [INFO] [1787143123.428809006] [local_costmap.local_costmap]: Timed out waiting for transform from base_link to odom to become available, tf error: Invalid frame ID "odom" passed to canTransform argument target_frame - frame does not exist
[controller_server-7] [INFO] [1787143123.929207033] [local_costmap.local_costmap]: Timed out waiting for transform from base_link to odom to become available, tf error: Invalid frame ID "odom" passed to canTransform argument target_frame - frame does not exist
[amcl-5] [INFO] [1787143124.376360297] [amcl]: initialPoseReceived
[amcl-5] [INFO] [1787143124.376476697] [amcl]: Setting pose (0.000000): -1.407 3.864 0.000
[controller_server-7] [INFO] [1787143124.428808827] [local_costmap.local_costmap]: Timed out waiting for transform from base_link to odom to become available, tf error: Invalid frame ID "odom" passed to canTransform argument target_frame - frame does not exist
[controller_server-7] [INFO] [1787143124.928834201] [local_costmap.local_costmap]: Timed out waiting for transform from base_link to odom to become available, tf error: Invalid frame ID "odom" passed to canTransform argument target_frame - frame does not exist
[amcl-5] [INFO] [1787143125.377731387] [amcl]: initialPoseReceived
[amcl-5] [INFO] [1787143125.377892191] [amcl]: Setting pose (0.000000): -1.407 3.864 0.000
[controller_server-7] [INFO] [1787143125.428815382] [local_costmap.local_costmap]: Timed out waiting for transform from base_link to odom to become available, tf error: Invalid frame ID "odom" passed to canTransform argument target_frame - frame does not exist
[controller_server-7] [INFO] [1787143125.929155510] [local_costmap.local_costmap]: Timed out waiting for transform from base_link to odom to become available, tf error: Invalid frame ID "odom" passed to canTransform argument target_frame - frame does not exist
[amcl-5] [INFO] [1787143126.379025621] [amcl]: initialPoseReceived
[amcl-5] [INFO] [1787143126.379137422] [amcl]: Setting pose (0.000000): -1.407 3.864 0.000
[controller_server-7] [INFO] [1787143126.428818349] [local_costmap.local_costmap]: Timed out waiting for transform from base_link to odom to become available, tf error: Invalid frame ID "odom" passed to canTransform argument target_frame - frame does not exist
[controller_server-7] [INFO] [1787143126.928795318] [local_costmap.local_costmap]: Timed out waiting for transform from base_link to odom to become available, tf error: Invalid frame ID "odom" passed to canTransform argument target_frame - frame does not exist
[amcl-5] [INFO] [1787143127.379751207] [amcl]: initialPoseReceived
[amcl-5] [INFO] [1787143127.379864601] [amcl]: Setting pose (0.000000): -1.407 3.864 0.000
[controller_server-7] [INFO] [1787143127.428821733] [local_costmap.local_costmap]: Timed out waiting for transform from base_link to odom to become available, tf error: Invalid frame ID "odom" passed to canTransform argument target_frame - frame does not exist
[controller_server-7] [INFO] [1787143127.928832962] [local_costmap.local_costmap]: Timed out waiting for transform from base_link to odom to become available, tf error: Invalid frame ID "odom" passed to canTransform argument target_frame - frame does not exist
[amcl-5] [INFO] [1787143128.380551851] [amcl]: initialPoseReceived
[amcl-5] [INFO] [1787143128.380627544] [amcl]: Setting pose (0.000000): -1.407 3.864 0.000
[controller_server-7] [INFO] [1787143128.428837526] [local_costmap.local_costmap]: Timed out waiting for transform from base_link to odom to become available, tf error: Invalid frame ID "odom" passed to canTransform argument target_frame - frame does not exist
[controller_server-7] [INFO] [1787143128.928814749] [local_costmap.local_costmap]: Timed out waiting for transform from base_link to odom to become available, tf error: Invalid frame ID "odom" passed to canTransform argument target_frame - frame does not exist
[amcl-5] [INFO] [1787143129.381445018] [amcl]: initialPoseReceived
[amcl-5] [INFO] [1787143129.381552881] [amcl]: Setting pose (0.000000): -1.407 3.864 0.000
[controller_server-7] [INFO] [1787143129.428839591] [local_costmap.local_costmap]: Timed out waiting for transform from base_link to odom to become available, tf error: Invalid frame ID "odom" passed to canTransform argument target_frame - frame does not exist
[controller_server-7] [INFO] [1787143129.928797135] [local_costmap.local_costmap]: Timed out waiting for transform from base_link to odom to become available, tf error: Invalid frame ID "odom" passed to canTransform argument target_frame - frame does not exist
[amcl-5] [INFO] [1787143130.382694343] [amcl]: initialPoseReceived
[amcl-5] [INFO] [1787143130.382841491] [amcl]: Setting pose (0.000000): -1.407 3.864 0.000
[controller_server-7] [INFO] [1787143130.428840742] [local_costmap.local_costmap]: Timed out waiting for transform from base_link to odom to become available, tf error: Invalid frame ID "odom" passed to canTransform argument target_frame - frame does not exist
[controller_server-7] [INFO] [1787143130.928846447] [local_costmap.local_costmap]: Timed out waiting for transform from base_link to odom to become available, tf error: Invalid frame ID "odom" passed to canTransform argument target_frame - frame does not exist
[amcl-5] [INFO] [1787143131.383478894] [amcl]: initialPoseReceived
[amcl-5] [INFO] [1787143131.383588210] [amcl]: Setting pose (0.000000): -1.407 3.864 0.000
[controller_server-7] [INFO] [1787143131.428863134] [local_costmap.local_costmap]: Timed out waiting for transform from base_link to odom to become available, tf error: Invalid frame ID "odom" passed to canTransform argument target_frame - frame does not exist
[controller_server-7] [INFO] [1787143131.928816670] [local_costmap.local_costmap]: Timed out waiting for transform from base_link to odom to become available, tf error: Invalid frame ID "odom" passed to canTransform argument target_frame - frame does not exist
[amcl-5] [INFO] [1787143132.384127586] [amcl]: initialPoseReceived
[amcl-5] [INFO] [1787143132.384215222] [amcl]: Setting pose (0.000000): -1.407 3.864 0.000
[controller_server-7] [INFO] [1787143132.428790827] [local_costmap.local_costmap]: Timed out waiting for transform from base_link to odom to become available, tf error: Invalid frame ID "odom" passed to canTransform argument target_frame - frame does not exist
[controller_server-7] [INFO] [1787143132.928819415] [local_costmap.local_costmap]: Timed out waiting for transform from base_link to odom to become available, tf error: Invalid frame ID "odom" passed to canTransform argument target_frame - frame does not exist
[amcl-5] [INFO] [1787143133.384752756] [amcl]: initialPoseReceived
[amcl-5] [INFO] [1787143133.384843437] [amcl]: Setting pose (0.000000): -1.407 3.864 0.000
[controller_server-7] [INFO] [1787143133.428779224] [local_costmap.local_costmap]: Timed out waiting for transform from base_link to odom to become available, tf error: Invalid frame ID "odom" passed to canTransform argument target_frame - frame does not exist
[controller_server-7] [INFO] [1787143133.928802143] [local_costmap.local_costmap]: Timed out waiting for transform from base_link to odom to become available, tf error: Invalid frame ID "odom" passed to canTransform argument target_frame - frame does not exist
[amcl-5] [INFO] [1787143134.385424864] [amcl]: initialPoseReceived
[amcl-5] [INFO] [1787143134.385524312] [amcl]: Setting pose (0.000000): -1.407 3.864 0.000
[controller_server-7] [INFO] [1787143134.428758966] [local_costmap.local_costmap]: Timed out waiting for transform from base_link to odom to become available, tf error: Invalid frame ID "odom" passed to canTransform argument target_frame - frame does not exist
[controller_server-7] [INFO] [1787143134.928777246] [local_costmap.local_costmap]: Timed out waiting for transform from base_link to odom to become available, tf error: Invalid frame ID "odom" passed to canTransform argument target_frame - frame does not exist
[amcl-5] [INFO] [1787143135.385981875] [amcl]: initialPoseReceived
[amcl-5] [INFO] [1787143135.386065783] [amcl]: Setting pose (0.000000): -1.407 3.864 0.000
[controller_server-7] [INFO] [1787143135.428782090] [local_costmap.local_costmap]: Timed out waiting for transform from base_link to odom to become available, tf error: Invalid frame ID "odom" passed to canTransform argument target_frame - frame does not exist
[controller_server-7] [INFO] [1787143135.928880360] [local_costmap.local_costmap]: Timed out waiting for transform from base_link to odom to become available, tf error: Invalid frame ID "odom" passed to canTransform argument target_frame - frame does not exist
[amcl-5] [INFO] [1787143136.386518788] [amcl]: initialPoseReceived
[amcl-5] [INFO] [1787143136.386604419] [amcl]: Setting pose (0.000000): -1.407 3.864 0.000
[controller_server-7] [INFO] [1787143136.428816875] [local_costmap.local_costmap]: Timed out waiting for transform from base_link to odom to become available, tf error: Invalid frame ID "odom" passed to canTransform argument target_frame - frame does not exist
[controller_server-7] [INFO] [1787143136.928777073] [local_costmap.local_costmap]: Timed out waiting for transform from base_link to odom to become available, tf error: Invalid frame ID "odom" passed to canTransform argument target_frame - frame does not exist
[amcl-5] [INFO] [1787143137.387591698] [amcl]: initialPoseReceived
[amcl-5] [INFO] [1787143137.387720732] [amcl]: Setting pose (0.000000): -1.407 3.864 0.000
[controller_server-7] [INFO] [1787143137.428836208] [local_costmap.local_costmap]: Timed out waiting for transform from base_link to odom to become available, tf error: Invalid frame ID "odom" passed to canTransform argument target_frame - frame does not exist
[controller_server-7] [INFO] [1787143137.928824738] [local_costmap.local_costmap]: Timed out waiting for transform from base_link to odom to become available, tf error: Invalid frame ID "odom" passed to canTransform argument target_frame - frame does not exist
[amcl-5] [INFO] [1787143138.389067671] [amcl]: initialPoseReceived
[amcl-5] [INFO] [1787143138.389184401] [amcl]: Setting pose (0.000000): -1.407 3.864 0.000
[controller_server-7] [INFO] [1787143138.428822320] [local_costmap.local_costmap]: Timed out waiting for transform from base_link to odom to become available, tf error: Invalid frame ID "odom" passed to canTransform argument target_frame - frame does not exist
[controller_server-7] [INFO] [1787143138.928839197] [local_costmap.local_costmap]: Timed out waiting for transform from base_link to odom to become available, tf error: Invalid frame ID "odom" passed to canTransform argument target_frame - frame does not exist
[amcl-5] [INFO] [1787143139.390327770] [amcl]: initialPoseReceived
[amcl-5] [INFO] [1787143139.390439931] [amcl]: Setting pose (0.000000): -1.407 3.864 0.000
[controller_server-7] [INFO] [1787143139.429562587] [local_costmap.local_costmap]: Timed out waiting for transform from base_link to odom to become available, tf error: Invalid frame ID "odom" passed to canTransform argument target_frame - frame does not exist
[controller_server-7] [INFO] [1787143139.928849257] [local_costmap.local_costmap]: Timed out waiting for transform from base_link to odom to become available, tf error: Invalid frame ID "odom" passed to canTransform argument target_frame - frame does not exist
[amcl-5] [INFO] [1787143140.391087820] [amcl]: initialPoseReceived
[amcl-5] [INFO] [1787143140.391168893] [amcl]: Setting pose (0.000000): -1.407 3.864 0.000
[controller_server-7] [INFO] [1787143140.428806156] [local_costmap.local_costmap]: Timed out waiting for transform from base_link to odom to become available, tf error: Invalid frame ID "odom" passed to canTransform argument target_frame - frame does not exist
[controller_server-7] [INFO] [1787143140.928822652] [local_costmap.local_costmap]: Timed out waiting for transform from base_link to odom to become available, tf error: Invalid frame ID "odom" passed to canTransform argument target_frame - frame does not exist
[amcl-5] [INFO] [1787143141.392014118] [amcl]: initialPoseReceived
[amcl-5] [INFO] [1787143141.392136930] [amcl]: Setting pose (0.000000): -1.407 3.864 0.000
[controller_server-7] [INFO] [1787143141.428782011] [local_costmap.local_costmap]: Timed out waiting for transform from base_link to odom to become available, tf error: Invalid frame ID "odom" passed to canTransform argument target_frame - frame does not exist
[controller_server-7] [INFO] [1787143141.928781816] [local_costmap.local_costmap]: Timed out waiting for transform from base_link to odom to become available, tf error: Invalid frame ID "odom" passed to canTransform argument target_frame - frame does not exist
[amcl-5] [INFO] [1787143142.392571938] [amcl]: initialPoseReceived
[amcl-5] [INFO] [1787143142.392656547] [amcl]: Setting pose (0.000000): -1.407 3.864 0.000
[controller_server-7] [INFO] [1787143142.428787048] [local_costmap.local_costmap]: Timed out waiting for transform from base_link to odom to become available, tf error: Invalid frame ID "odom" passed to canTransform argument target_frame - frame does not exist
[controller_server-7] [INFO] [1787143142.928785310] [local_costmap.local_costmap]: Timed out waiting for transform from base_link to odom to become available, tf error: Invalid frame ID "odom" passed to canTransform argument target_frame - frame does not exist
[amcl-5] [INFO] [1787143143.393184694] [amcl]: initialPoseReceived
[amcl-5] [INFO] [1787143143.393264064] [amcl]: Setting pose (0.000000): -1.407 3.864 0.000
[controller_server-7] [INFO] [1787143143.428790144] [local_costmap.local_costmap]: Timed out waiting for transform from base_link to odom to become available, tf error: Invalid frame ID "odom" passed to canTransform argument target_frame - frame does not exist
[controller_server-7] [INFO] [1787143143.928776283] [local_costmap.local_costmap]: Timed out waiting for transform from base_link to odom to become available, tf error: Invalid frame ID "odom" passed to canTransform argument target_frame - frame does not exist
[amcl-5] [INFO] [1787143144.393729642] [amcl]: initialPoseReceived
[amcl-5] [INFO] [1787143144.393819642] [amcl]: Setting pose (0.000000): -1.407 3.864 0.000
[controller_server-7] [INFO] [1787143144.428806606] [local_costmap.local_costmap]: Timed out waiting for transform from base_link to odom to become available, tf error: Invalid frame ID "odom" passed to canTransform argument target_frame - frame does not exist
[controller_server-7] [INFO] [1787143144.928848799] [local_costmap.local_costmap]: Timed out waiting for transform from base_link to odom to become available, tf error: Invalid frame ID "odom" passed to canTransform argument target_frame - frame does not exist
[amcl-5] [INFO] [1787143145.394565157] [amcl]: initialPoseReceived
[amcl-5] [INFO] [1787143145.394686747] [amcl]: Setting pose (0.000000): -1.407 3.864 0.000
[controller_server-7] [INFO] [1787143145.428766538] [local_costmap.local_costmap]: Timed out waiting for transform from base_link to odom to become available, tf error: Invalid frame ID "odom" passed to canTransform argument target_frame - frame does not exist
[controller_server-7] [INFO] [1787143145.928783284] [local_costmap.local_costmap]: Timed out waiting for transform from base_link to odom to become available, tf error: Invalid frame ID "odom" passed to canTransform argument target_frame - frame does not exist
[amcl-5] [INFO] [1787143146.395184395] [amcl]: initialPoseReceived
[amcl-5] [INFO] [1787143146.395267512] [amcl]: Setting pose (0.000000): -1.407 3.864 0.000
[controller_server-7] [INFO] [1787143146.428788740] [local_costmap.local_costmap]: Timed out waiting for transform from base_link to odom to become available, tf error: Invalid frame ID "odom" passed to canTransform argument target_frame - frame does not exist
[controller_server-7] [INFO] [1787143146.928774468] [local_costmap.local_costmap]: Timed out waiting for transform from base_link to odom to become available, tf error: Invalid frame ID "odom" passed to canTransform argument target_frame - frame does not exist
[amcl-5] [INFO] [1787143147.396043867] [amcl]: initialPoseReceived
[amcl-5] [INFO] [1787143147.396148735] [amcl]: Setting pose (0.000000): -1.407 3.864 0.000
[controller_server-7] [INFO] [1787143147.428886855] [local_costmap.local_costmap]: Timed out waiting for transform from base_link to odom to become available, tf error: Invalid frame ID "odom" passed to canTransform argument target_frame - frame does not exist
[controller_server-7] [INFO] [1787143147.928796942] [local_costmap.local_costmap]: Timed out waiting for transform from base_link to odom to become available, tf error: Invalid frame ID "odom" passed to canTransform argument target_frame - frame does not exist
[amcl-5] [INFO] [1787143148.396478267] [amcl]: initialPoseReceived
[amcl-5] [INFO] [1787143148.396557797] [amcl]: Setting pose (0.000000): -1.407 3.864 0.000
[controller_server-7] [INFO] [1787143148.428797206] [local_costmap.local_costmap]: Timed out waiting for transform from base_link to odom to become available, tf error: Invalid frame ID "odom" passed to canTransform argument target_frame - frame does not exist
[controller_server-7] [INFO] [1787143148.928832408] [local_costmap.local_costmap]: Timed out waiting for transform from base_link to odom to become available, tf error: Invalid frame ID "odom" passed to canTransform argument target_frame - frame does not exist
[amcl-5] [INFO] [1787143149.397006354] [amcl]: initialPoseReceived
[amcl-5] [INFO] [1787143149.397085924] [amcl]: Setting pose (0.000000): -1.407 3.864 0.000
[controller_server-7] [INFO] [1787143149.428783741] [local_costmap.local_costmap]: Timed out waiting for transform from base_link to odom to become available, tf error: Invalid frame ID "odom" passed to canTransform argument target_frame - frame does not exist
[controller_server-7] [INFO] [1787143149.929058535] [local_costmap.local_costmap]: Timed out waiting for transform from base_link to odom to become available, tf error: Invalid frame ID "odom" passed to canTransform argument target_frame - frame does not exist
[amcl-5] [INFO] [1787143150.397381572] [amcl]: initialPoseReceived
[amcl-5] [INFO] [1787143150.397461693] [amcl]: Setting pose (0.000000): -1.407 3.864 0.000
[controller_server-7] [INFO] [1787143150.428781137] [local_costmap.local_costmap]: Timed out waiting for transform from base_link to odom to become available, tf error: Invalid frame ID "odom" passed to canTransform argument target_frame - frame does not exist
[controller_server-7] [INFO] [1787143150.928783676] [local_costmap.local_costmap]: Timed out waiting for transform from base_link to odom to become available, tf error: Invalid frame ID "odom" passed to canTransform argument target_frame - frame does not exist
[amcl-5] [INFO] [1787143151.397838264] [amcl]: initialPoseReceived
[amcl-5] [INFO] [1787143151.397900020] [amcl]: Setting pose (0.000000): -1.407 3.864 0.000
[controller_server-7] [INFO] [1787143151.428782549] [local_costmap.local_costmap]: Timed out waiting for transform from base_link to odom to become available, tf error: Invalid frame ID "odom" passed to canTransform argument target_frame - frame does not exist
[controller_server-7] [INFO] [1787143151.928829602] [local_costmap.local_costmap]: Timed out waiting for transform from base_link to odom to become available, tf error: Invalid frame ID "odom" passed to canTransform argument target_frame - frame does not exist
[amcl-5] [INFO] [1787143152.398403710] [amcl]: initialPoseReceived
[amcl-5] [INFO] [1787143152.398478721] [amcl]: Setting pose (0.000000): -1.407 3.864 0.000
[controller_server-7] [INFO] [1787143152.428783670] [local_costmap.local_costmap]: Timed out waiting for transform from base_link to odom to become available, tf error: Invalid frame ID "odom" passed to canTransform argument target_frame - frame does not exist
[controller_server-7] [INFO] [1787143152.928793704] [local_costmap.local_costmap]: Timed out waiting for transform from base_link to odom to become available, tf error: Invalid frame ID "odom" passed to canTransform argument target_frame - frame does not exist
[amcl-5] [INFO] [1787143153.398879298] [amcl]: initialPoseReceived
[amcl-5] [INFO] [1787143153.398936165] [amcl]: Setting pose (0.000000): -1.407 3.864 0.000
[controller_server-7] [INFO] [1787143153.428817805] [local_costmap.local_costmap]: Timed out waiting for transform from base_link to odom to become available, tf error: Invalid frame ID "odom" passed to canTransform argument target_frame - frame does not exist
[controller_server-7] [INFO] [1787143153.928776984] [local_costmap.local_costmap]: Timed out waiting for transform from base_link to odom to become available, tf error: Invalid frame ID "odom" passed to canTransform argument target_frame - frame does not exist
[amcl-5] [INFO] [1787143154.399453040] [amcl]: initialPoseReceived
[amcl-5] [INFO] [1787143154.399529955] [amcl]: Setting pose (0.000000): -1.407 3.864 0.000
[controller_server-7] [INFO] [1787143154.428821332] [local_costmap.local_costmap]: Timed out waiting for transform from base_link to odom to become available, tf error: Invalid frame ID "odom" passed to canTransform argument target_frame - frame does not exist
[controller_server-7] [INFO] [1787143154.928778235] [local_costmap.local_costmap]: Timed out waiting for transform from base_link to odom to become available, tf error: Invalid frame ID "odom" passed to canTransform argument target_frame - frame does not exist
[amcl-5] [INFO] [1787143155.400413022] [amcl]: initialPoseReceived
[amcl-5] [INFO] [1787143155.400516507] [amcl]: Setting pose (0.000000): -1.407 3.864 0.000
[controller_server-7] [INFO] [1787143155.428789202] [local_costmap.local_costmap]: Timed out waiting for transform from base_link to odom to become available, tf error: Invalid frame ID "odom" passed to canTransform argument target_frame - frame does not exist
[controller_server-7] [INFO] [1787143155.928857905] [local_costmap.local_costmap]: Timed out waiting for transform from base_link to odom to become available, tf error: Invalid frame ID "odom" passed to canTransform argument target_frame - frame does not exist
[amcl-5] [INFO] [1787143156.400975981] [amcl]: initialPoseReceived
[amcl-5] [INFO] [1787143156.401069568] [amcl]: Setting pose (0.000000): -1.407 3.864 0.000
[controller_server-7] [INFO] [1787143156.428792105] [local_costmap.local_costmap]: Timed out waiting for transform from base_link to odom to become available, tf error: Invalid frame ID "odom" passed to canTransform argument target_frame - frame does not exist
[controller_server-7] [INFO] [1787143156.928838247] [local_costmap.local_costmap]: Timed out waiting for transform from base_link to odom to become available, tf error: Invalid frame ID "odom" passed to canTransform argument target_frame - frame does not exist
[amcl-5] [INFO] [1787143157.401836434] [amcl]: initialPoseReceived
[amcl-5] [INFO] [1787143157.401942133] [amcl]: Setting pose (0.000000): -1.407 3.864 0.000
[controller_server-7] [INFO] [1787143157.428799678] [local_costmap.local_costmap]: Timed out waiting for transform from base_link to odom to become available, tf error: Invalid frame ID "odom" passed to canTransform argument target_frame - frame does not exist
[controller_server-7] [INFO] [1787143157.928742285] [local_costmap.local_costmap]: Timed out waiting for transform from base_link to odom to become available, tf error: Invalid frame ID "odom" passed to canTransform argument target_frame - frame does not exist
[amcl-5] [INFO] [1787143158.402384839] [amcl]: initialPoseReceived
[amcl-5] [INFO] [1787143158.402477995] [amcl]: Setting pose (0.000000): -1.407 3.864 0.000
[controller_server-7] [INFO] [1787143158.428782526] [local_costmap.local_costmap]: Timed out waiting for transform from base_link to odom to become available, tf error: Invalid frame ID "odom" passed to canTransform argument target_frame - frame does not exist
[controller_server-7] [INFO] [1787143158.928786298] [local_costmap.local_costmap]: Timed out waiting for transform from base_link to odom to become available, tf error: Invalid frame ID "odom" passed to canTransform argument target_frame - frame does not exist
[amcl-5] [INFO] [1787143159.402809800] [amcl]: initialPoseReceived
[amcl-5] [INFO] [1787143159.402884331] [amcl]: Setting pose (0.000000): -1.407 3.864 0.000
[controller_server-7] [INFO] [1787143159.428775993] [local_costmap.local_costmap]: Timed out waiting for transform from base_link to odom to become available, tf error: Invalid frame ID "odom" passed to canTransform argument target_frame - frame does not exist
[controller_server-7] [INFO] [1787143159.928828227] [local_costmap.local_costmap]: Timed out waiting for transform from base_link to odom to become available, tf error: Invalid frame ID "odom" passed to canTransform argument target_frame - frame does not exist
[amcl-5] [INFO] [1787143160.403403871] [amcl]: initialPoseReceived
[amcl-5] [INFO] [1787143160.403475757] [amcl]: Setting pose (0.000000): -1.407 3.864 0.000
[controller_server-7] [INFO] [1787143160.428838932] [local_costmap.local_costmap]: Timed out waiting for transform from base_link to odom to become available, tf error: Invalid frame ID "odom" passed to canTransform argument target_frame - frame does not exist
[controller_server-7] [INFO] [1787143160.928813426] [local_costmap.local_costmap]: Timed out waiting for transform from base_link to odom to become available, tf error: Invalid frame ID "odom" passed to canTransform argument target_frame - frame does not exist
[amcl-5] [INFO] [1787143161.404140118] [amcl]: initialPoseReceived
[amcl-5] [INFO] [1787143161.404214268] [amcl]: Setting pose (0.000000): -1.407 3.864 0.000
[controller_server-7] [INFO] [1787143161.428812711] [local_costmap.local_costmap]: Timed out waiting for transform from base_link to odom to become available, tf error: Invalid frame ID "odom" passed to canTransform argument target_frame - frame does not exist
[controller_server-7] [INFO] [1787143161.928825960] [local_costmap.local_costmap]: Timed out waiting for transform from base_link to odom to become available, tf error: Invalid frame ID "odom" passed to canTransform argument target_frame - frame does not exist
[amcl-5] [INFO] [1787143162.404725644] [amcl]: initialPoseReceived
[amcl-5] [INFO] [1787143162.404803651] [amcl]: Setting pose (0.000000): -1.407 3.864 0.000
[controller_server-7] [INFO] [1787143162.428776272] [local_costmap.local_costmap]: Timed out waiting for transform from base_link to odom to become available, tf error: Invalid frame ID "odom" passed to canTransform argument target_frame - frame does not exist
[controller_server-7] [INFO] [1787143162.928784813] [local_costmap.local_costmap]: Timed out waiting for transform from base_link to odom to become available, tf error: Invalid frame ID "odom" passed to canTransform argument target_frame - frame does not exist
[amcl-5] [INFO] [1787143163.405410435] [amcl]: initialPoseReceived
[amcl-5] [INFO] [1787143163.405490777] [amcl]: Setting pose (0.000000): -1.407 3.864 0.000
[controller_server-7] [INFO] [1787143163.428804956] [local_costmap.local_costmap]: Timed out waiting for transform from base_link to odom to become available, tf error: Invalid frame ID "odom" passed to canTransform argument target_frame - frame does not exist
[controller_server-7] [INFO] [1787143163.928812024] [local_costmap.local_costmap]: Timed out waiting for transform from base_link to odom to become available, tf error: Invalid frame ID "odom" passed to canTransform argument target_frame - frame does not exist
[amcl-5] [INFO] [1787143164.405918200] [amcl]: initialPoseReceived
[amcl-5] [INFO] [1787143164.405995015] [amcl]: Setting pose (0.000000): -1.407 3.864 0.000
[controller_server-7] [INFO] [1787143164.428791267] [local_costmap.local_costmap]: Timed out waiting for transform from base_link to odom to become available, tf error: Invalid frame ID "odom" passed to canTransform argument target_frame - frame does not exist
[controller_server-7] [INFO] [1787143164.928812621] [local_costmap.local_costmap]: Timed out waiting for transform from base_link to odom to become available, tf error: Invalid frame ID "odom" passed to canTransform argument target_frame - frame does not exist
[amcl-5] [INFO] [1787143165.406453950] [amcl]: initialPoseReceived
[amcl-5] [INFO] [1787143165.406536015] [amcl]: Setting pose (0.000000): -1.407 3.864 0.000
[controller_server-7] [INFO] [1787143165.428778532] [local_costmap.local_costmap]: Timed out waiting for transform from base_link to odom to become available, tf error: Invalid frame ID "odom" passed to canTransform argument target_frame - frame does not exist
[controller_server-7] [INFO] [1787143165.928785408] [local_costmap.local_costmap]: Timed out waiting for transform from base_link to odom to become available, tf error: Invalid frame ID "odom" passed to canTransform argument target_frame - frame does not exist
[amcl-5] [INFO] [1787143166.407107392] [amcl]: initialPoseReceived
[amcl-5] [INFO] [1787143166.407197422] [amcl]: Setting pose (0.000000): -1.407 3.864 0.000
[controller_server-7] [INFO] [1787143166.428778330] [local_costmap.local_costmap]: Timed out waiting for transform from base_link to odom to become available, tf error: Invalid frame ID "odom" passed to canTransform argument target_frame - frame does not exist
[controller_server-7] [INFO] [1787143166.928784948] [local_costmap.local_costmap]: Timed out waiting for transform from base_link to odom to become available, tf error: Invalid frame ID "odom" passed to canTransform argument target_frame - frame does not exist
[amcl-5] [INFO] [1787143167.407524629] [amcl]: initialPoseReceived
[amcl-5] [INFO] [1787143167.407600913] [amcl]: Setting pose (0.000000): -1.407 3.864 0.000
[controller_server-7] [INFO] [1787143167.428886284] [local_costmap.local_costmap]: Timed out waiting for transform from base_link to odom to become available, tf error: Invalid frame ID "odom" passed to canTransform argument target_frame - frame does not exist
[controller_server-7] [INFO] [1787143167.928787099] [local_costmap.local_costmap]: Timed out waiting for transform from base_link to odom to become available, tf error: Invalid frame ID "odom" passed to canTransform argument target_frame - frame does not exist
[amcl-5] [INFO] [1787143168.408131854] [amcl]: initialPoseReceived
[amcl-5] [INFO] [1787143168.408207707] [amcl]: Setting pose (0.000000): -1.407 3.864 0.000
[controller_server-7] [INFO] [1787143168.428807946] [local_costmap.local_costmap]: Timed out waiting for transform from base_link to odom to become available, tf error: Invalid frame ID "odom" passed to canTransform argument target_frame - frame does not exist
[controller_server-7] [INFO] [1787143168.928818139] [local_costmap.local_costmap]: Timed out waiting for transform from base_link to odom to become available, tf error: Invalid frame ID "odom" passed to canTransform argument target_frame - frame does not exist
[amcl-5] [INFO] [1787143169.408758694] [amcl]: initialPoseReceived
[amcl-5] [INFO] [1787143169.408830370] [amcl]: Setting pose (0.000000): -1.407 3.864 0.000
[controller_server-7] [INFO] [1787143169.428814806] [local_costmap.local_costmap]: Timed out waiting for transform from base_link to odom to become available, tf error: Invalid frame ID "odom" passed to canTransform argument target_frame - frame does not exist
[controller_server-7] [INFO] [1787143169.928781328] [local_costmap.local_costmap]: Timed out waiting for transform from base_link to odom to become available, tf error: Invalid frame ID "odom" passed to canTransform argument target_frame - frame does not exist
[amcl-5] [INFO] [1787143170.409529027] [amcl]: initialPoseReceived
[amcl-5] [INFO] [1787143170.409632422] [amcl]: Setting pose (0.000000): -1.407 3.864 0.000
[controller_server-7] [INFO] [1787143170.428811910] [local_costmap.local_costmap]: Timed out waiting for transform from base_link to odom to become available, tf error: Invalid frame ID "odom" passed to canTransform argument target_frame - frame does not exist
[controller_server-7] [INFO] [1787143170.928817576] [local_costmap.local_costmap]: Timed out waiting for transform from base_link to odom to become available, tf error: Invalid frame ID "odom" passed to canTransform argument target_frame - frame does not exist
[amcl-5] [INFO] [1787143171.410035874] [amcl]: initialPoseReceived
[amcl-5] [INFO] [1787143171.410100345] [amcl]: Setting pose (0.000000): -1.407 3.864 0.000
[controller_server-7] [INFO] [1787143171.428777525] [local_costmap.local_costmap]: Timed out waiting for transform from base_link to odom to become available, tf error: Invalid frame ID "odom" passed to canTransform argument target_frame - frame does not exist
[controller_server-7] [INFO] [1787143171.928824952] [local_costmap.local_costmap]: Timed out waiting for transform from base_link to odom to become available, tf error: Invalid frame ID "odom" passed to canTransform argument target_frame - frame does not exist
[amcl-5] [INFO] [1787143172.411176379] [amcl]: initialPoseReceived
[amcl-5] [INFO] [1787143172.411320561] [amcl]: Setting pose (0.000000): -1.407 3.864 0.000
[controller_server-7] [INFO] [1787143172.428822975] [local_costmap.local_costmap]: Timed out waiting for transform from base_link to odom to become available, tf error: Invalid frame ID "odom" passed to canTransform argument target_frame - frame does not exist
[controller_server-7] [INFO] [1787143172.928813722] [local_costmap.local_costmap]: Timed out waiting for transform from base_link to odom to become available, tf error: Invalid frame ID "odom" passed to canTransform argument target_frame - frame does not exist
[amcl-5] [INFO] [1787143173.411655612] [amcl]: initialPoseReceived
[amcl-5] [INFO] [1787143173.411733449] [amcl]: Setting pose (0.000000): -1.407 3.864 0.000
[controller_server-7] [INFO] [1787143173.428823425] [local_costmap.local_costmap]: Timed out waiting for transform from base_link to odom to become available, tf error: Invalid frame ID "odom" passed to canTransform argument target_frame - frame does not exist
[controller_server-7] [INFO] [1787143173.928824920] [local_costmap.local_costmap]: Timed out waiting for transform from base_link to odom to become available, tf error: Invalid frame ID "odom" passed to canTransform argument target_frame - frame does not exist
[amcl-5] [INFO] [1787143174.412245945] [amcl]: initialPoseReceived
[amcl-5] [INFO] [1787143174.412331246] [amcl]: Setting pose (0.000000): -1.407 3.864 0.000
[controller_server-7] [INFO] [1787143174.428802243] [local_costmap.local_costmap]: Timed out waiting for transform from base_link to odom to become available, tf error: Invalid frame ID "odom" passed to canTransform argument target_frame - frame does not exist
[controller_server-7] [INFO] [1787143174.928775336] [local_costmap.local_costmap]: Timed out waiting for transform from base_link to odom to become available, tf error: Invalid frame ID "odom" passed to canTransform argument target_frame - frame does not exist
[amcl-5] [INFO] [1787143175.413859349] [amcl]: initialPoseReceived
[amcl-5] [INFO] [1787143175.413951773] [amcl]: Setting pose (0.000000): -1.407 3.864 0.000
[controller_server-7] [INFO] [1787143175.428815347] [local_costmap.local_costmap]: Timed out waiting for transform from base_link to odom to become available, tf error: Invalid frame ID "odom" passed to canTransform argument target_frame - frame does not exist
[controller_server-7] [INFO] [1787143175.928785657] [local_costmap.local_costmap]: Timed out waiting for transform from base_link to odom to become available, tf error: Invalid frame ID "odom" passed to canTransform argument target_frame - frame does not exist
[amcl-5] [INFO] [1787143176.414510950] [amcl]: initialPoseReceived
[amcl-5] [INFO] [1787143176.414626287] [amcl]: Setting pose (0.000000): -1.407 3.864 0.000
[controller_server-7] [INFO] [1787143176.428790412] [local_costmap.local_costmap]: Timed out waiting for transform from base_link to odom to become available, tf error: Invalid frame ID "odom" passed to canTransform argument target_frame - frame does not exist
[controller_server-7] [INFO] [1787143176.928772506] [local_costmap.local_costmap]: Timed out waiting for transform from base_link to odom to become available, tf error: Invalid frame ID "odom" passed to canTransform argument target_frame - frame does not exist
[amcl-5] [INFO] [1787143177.415066510] [amcl]: initialPoseReceived
[amcl-5] [INFO] [1787143177.415144067] [amcl]: Setting pose (0.000000): -1.407 3.864 0.000
[controller_server-7] [INFO] [1787143177.428834397] [local_costmap.local_costmap]: Timed out waiting for transform from base_link to odom to become available, tf error: Invalid frame ID "odom" passed to canTransform argument target_frame - frame does not exist
[controller_server-7] [INFO] [1787143177.928822600] [local_costmap.local_costmap]: Timed out waiting for transform from base_link to odom to become available, tf error: Invalid frame ID "odom" passed to canTransform argument target_frame - frame does not exist
[amcl-5] [INFO] [1787143178.415995684] [amcl]: initialPoseReceived
[amcl-5] [INFO] [1787143178.416117173] [amcl]: Setting pose (0.000000): -1.407 3.864 0.000
[controller_server-7] [INFO] [1787143178.428797117] [local_costmap.local_costmap]: Timed out waiting for transform from base_link to odom to become available, tf error: Invalid frame ID "odom" passed to canTransform argument target_frame - frame does not exist
[controller_server-7] [INFO] [1787143178.928801682] [local_costmap.local_costmap]: Timed out waiting for transform from base_link to odom to become available, tf error: Invalid frame ID "odom" passed to canTransform argument target_frame - frame does not exist
[amcl-5] [INFO] [1787143179.416539652] [amcl]: initialPoseReceived
[amcl-5] [INFO] [1787143179.416660159] [amcl]: Setting pose (0.000000): -1.407 3.864 0.000
[controller_server-7] [INFO] [1787143179.428828318] [local_costmap.local_costmap]: Timed out waiting for transform from base_link to odom to become available, tf error: Invalid frame ID "odom" passed to canTransform argument target_frame - frame does not exist
[controller_server-7] [INFO] [1787143179.928777767] [local_costmap.local_costmap]: Timed out waiting for transform from base_link to odom to become available, tf error: Invalid frame ID "odom" passed to canTransform argument target_frame - frame does not exist
[amcl-5] [INFO] [1787143180.417248388] [amcl]: initialPoseReceived
[amcl-5] [INFO] [1787143180.417364517] [amcl]: Setting pose (0.000000): -1.407 3.864 0.000
[controller_server-7] [INFO] [1787143180.428829019] [local_costmap.local_costmap]: Timed out waiting for transform from base_link to odom to become available, tf error: Invalid frame ID "odom" passed to canTransform argument target_frame - frame does not exist
[controller_server-7] [INFO] [1787143180.928794809] [local_costmap.local_costmap]: Timed out waiting for transform from base_link to odom to become available, tf error: Invalid frame ID "odom" passed to canTransform argument target_frame - frame does not exist
[amcl-5] [INFO] [1787143181.418269716] [amcl]: initialPoseReceived
[amcl-5] [INFO] [1787143181.418352963] [amcl]: Setting pose (0.000000): -1.407 3.864 0.000
[controller_server-7] [INFO] [1787143181.428784024] [local_costmap.local_costmap]: Timed out waiting for transform from base_link to odom to become available, tf error: Invalid frame ID "odom" passed to canTransform argument target_frame - frame does not exist
[controller_server-7] [INFO] [1787143181.928786233] [local_costmap.local_costmap]: Timed out waiting for transform from base_link to odom to become available, tf error: Invalid frame ID "odom" passed to canTransform argument target_frame - frame does not exist
[amcl-5] [INFO] [1787143182.419179882] [amcl]: initialPoseReceived
[amcl-5] [INFO] [1787143182.419291412] [amcl]: Setting pose (0.000000): -1.407 3.864 0.000
[controller_server-7] [INFO] [1787143182.428825180] [local_costmap.local_costmap]: Timed out waiting for transform from base_link to odom to become available, tf error: Invalid frame ID "odom" passed to canTransform argument target_frame - frame does not exist
[controller_server-7] [INFO] [1787143182.928825637] [local_costmap.local_costmap]: Timed out waiting for transform from base_link to odom to become available, tf error: Invalid frame ID "odom" passed to canTransform argument target_frame - frame does not exist
[amcl-5] [INFO] [1787143183.419857311] [amcl]: initialPoseReceived
[amcl-5] [INFO] [1787143183.419927924] [amcl]: Setting pose (0.000000): -1.407 3.864 0.000
[controller_server-7] [INFO] [1787143183.428829048] [local_costmap.local_costmap]: Timed out waiting for transform from base_link to odom to become available, tf error: Invalid frame ID "odom" passed to canTransform argument target_frame - frame does not exist
[controller_server-7] [INFO] [1787143183.928782254] [local_costmap.local_costmap]: Timed out waiting for transform from base_link to odom to become available, tf error: Invalid frame ID "odom" passed to canTransform argument target_frame - frame does not exist
[amcl-5] [INFO] [1787143184.420310465] [amcl]: initialPoseReceived
[amcl-5] [INFO] [1787143184.420400003] [amcl]: Setting pose (0.000000): -1.407 3.864 0.000
[controller_server-7] [INFO] [1787143184.428775176] [local_costmap.local_costmap]: Timed out waiting for transform from base_link to odom to become available, tf error: Invalid frame ID "odom" passed to canTransform argument target_frame - frame does not exist
[controller_server-7] [INFO] [1787143184.928827140] [local_costmap.local_costmap]: Timed out waiting for transform from base_link to odom to become available, tf error: Invalid frame ID "odom" passed to canTransform argument target_frame - frame does not exist
[amcl-5] [INFO] [1787143185.421239168] [amcl]: initialPoseReceived
[amcl-5] [INFO] [1787143185.421316163] [amcl]: Setting pose (0.000000): -1.407 3.864 0.000
[controller_server-7] [INFO] [1787143185.429306039] [local_costmap.local_costmap]: Timed out waiting for transform from base_link to odom to become available, tf error: Invalid frame ID "odom" passed to canTransform argument target_frame - frame does not exist
[controller_server-7] [INFO] [1787143185.928766846] [local_costmap.local_costmap]: Timed out waiting for transform from base_link to odom to become available, tf error: Invalid frame ID "odom" passed to canTransform argument target_frame - frame does not exist
[amcl-5] [INFO] [1787143186.421763948] [amcl]: initialPoseReceived
[amcl-5] [INFO] [1787143186.421845241] [amcl]: Setting pose (0.000000): -1.407 3.864 0.000
[controller_server-7] [INFO] [1787143186.428781739] [local_costmap.local_costmap]: Timed out waiting for transform from base_link to odom to become available, tf error: Invalid frame ID "odom" passed to canTransform argument target_frame - frame does not exist
[controller_server-7] [INFO] [1787143186.928816069] [local_costmap.local_costmap]: Timed out waiting for transform from base_link to odom to become available, tf error: Invalid frame ID "odom" passed to canTransform argument target_frame - frame does not exist
[amcl-5] [INFO] [1787143187.422997064] [amcl]: initialPoseReceived
[amcl-5] [INFO] [1787143187.423107443] [amcl]: Setting pose (0.000000): -1.407 3.864 0.000
[controller_server-7] [INFO] [1787143187.428813319] [local_costmap.local_costmap]: Timed out waiting for transform from base_link to odom to become available, tf error: Invalid frame ID "odom" passed to canTransform argument target_frame - frame does not exist
[controller_server-7] [INFO] [1787143187.928803777] [local_costmap.local_costmap]: Timed out waiting for transform from base_link to odom to become available, tf error: Invalid frame ID "odom" passed to canTransform argument target_frame - frame does not exist
[amcl-5] [INFO] [1787143188.423458216] [amcl]: initialPoseReceived
[amcl-5] [INFO] [1787143188.423534149] [amcl]: Setting pose (0.000000): -1.407 3.864 0.000
[controller_server-7] [INFO] [1787143188.428765179] [local_costmap.local_costmap]: Timed out waiting for transform from base_link to odom to become available, tf error: Invalid frame ID "odom" passed to canTransform argument target_frame - frame does not exist
[controller_server-7] [INFO] [1787143188.928823134] [local_costmap.local_costmap]: Timed out waiting for transform from base_link to odom to become available, tf error: Invalid frame ID "odom" passed to canTransform argument target_frame - frame does not exist
[amcl-5] [INFO] [1787143189.424046286] [amcl]: initialPoseReceived
[amcl-5] [INFO] [1787143189.424121578] [amcl]: Setting pose (0.000000): -1.407 3.864 0.000
[controller_server-7] [INFO] [1787143189.428787311] [local_costmap.local_costmap]: Timed out waiting for transform from base_link to odom to become available, tf error: Invalid frame ID "odom" passed to canTransform argument target_frame - frame does not exist
[controller_server-7] [INFO] [1787143189.928866105] [local_costmap.local_costmap]: Timed out waiting for transform from base_link to odom to become available, tf error: Invalid frame ID "odom" passed to canTransform argument target_frame - frame does not exist
[amcl-5] [INFO] [1787143190.424635138] [amcl]: initialPoseReceived
[amcl-5] [INFO] [1787143190.424725840] [amcl]: Setting pose (0.000000): -1.407 3.864 0.000
[controller_server-7] [INFO] [1787143190.428807561] [local_costmap.local_costmap]: Timed out waiting for transform from base_link to odom to become available, tf error: Invalid frame ID "odom" passed to canTransform argument target_frame - frame does not exist
[controller_server-7] [INFO] [1787143190.928789632] [local_costmap.local_costmap]: Timed out waiting for transform from base_link to odom to become available, tf error: Invalid frame ID "odom" passed to canTransform argument target_frame - frame does not exist
[amcl-5] [INFO] [1787143191.425265598] [amcl]: initialPoseReceived
[amcl-5] [INFO] [1787143191.425352753] [amcl]: Setting pose (0.000000): -1.407 3.864 0.000
[controller_server-7] [INFO] [1787143191.428782534] [local_costmap.local_costmap]: Timed out waiting for transform from base_link to odom to become available, tf error: Invalid frame ID "odom" passed to canTransform argument target_frame - frame does not exist
[controller_server-7] [INFO] [1787143191.928779103] [local_costmap.local_costmap]: Timed out waiting for transform from base_link to odom to become available, tf error: Invalid frame ID "odom" passed to canTransform argument target_frame - frame does not exist
[amcl-5] [INFO] [1787143192.426148134] [amcl]: initialPoseReceived
[amcl-5] [INFO] [1787143192.426265144] [amcl]: Setting pose (0.000000): -1.407 3.864 0.000
[controller_server-7] [INFO] [1787143192.428793114] [local_costmap.local_costmap]: Timed out waiting for transform from base_link to odom to become available, tf error: Invalid frame ID "odom" passed to canTransform argument target_frame - frame does not exist
[controller_server-7] [INFO] [1787143192.928794552] [local_costmap.local_costmap]: Timed out waiting for transform from base_link to odom to become available, tf error: Invalid frame ID "odom" passed to canTransform argument target_frame - frame does not exist
[amcl-5] [INFO] [1787143193.427118153] [amcl]: initialPoseReceived
[amcl-5] [INFO] [1787143193.427234332] [amcl]: Setting pose (0.000000): -1.407 3.864 0.000
[controller_server-7] [INFO] [1787143193.428827639] [local_costmap.local_costmap]: Timed out waiting for transform from base_link to odom to become available, tf error: Invalid frame ID "odom" passed to canTransform argument target_frame - frame does not exist
[controller_server-7] [INFO] [1787143193.928780988] [local_costmap.local_costmap]: Timed out waiting for transform from base_link to odom to become available, tf error: Invalid frame ID "odom" passed to canTransform argument target_frame - frame does not exist
[amcl-5] [INFO] [1787143194.427897175] [amcl]: initialPoseReceived
[amcl-5] [INFO] [1787143194.428001011] [amcl]: Setting pose (0.000000): -1.407 3.864 0.000
[controller_server-7] [INFO] [1787143194.428809476] [local_costmap.local_costmap]: Timed out waiting for transform from base_link to odom to become available, tf error: Invalid frame ID "odom" passed to canTransform argument target_frame - frame does not exist
[controller_server-7] [INFO] [1787143194.929176184] [local_costmap.local_costmap]: Timed out waiting for transform from base_link to odom to become available, tf error: Invalid frame ID "odom" passed to canTransform argument target_frame - frame does not exist
[amcl-5] [INFO] [1787143195.428515142] [amcl]: initialPoseReceived
[amcl-5] [INFO] [1787143195.428612486] [amcl]: Setting pose (0.000000): -1.407 3.864 0.000
[controller_server-7] [INFO] [1787143195.428799058] [local_costmap.local_costmap]: Timed out waiting for transform from base_link to odom to become available, tf error: Invalid frame ID "odom" passed to canTransform argument target_frame - frame does not exist
[controller_server-7] [INFO] [1787143195.928783873] [local_costmap.local_costmap]: Timed out waiting for transform from base_link to odom to become available, tf error: Invalid frame ID "odom" passed to canTransform argument target_frame - frame does not exist
[controller_server-7] [INFO] [1787143196.428848460] [local_costmap.local_costmap]: Timed out waiting for transform from base_link to odom to become available, tf error: Invalid frame ID "odom" passed to canTransform argument target_frame - frame does not exist
[amcl-5] [INFO] [1787143196.429584648] [amcl]: initialPoseReceived
[amcl-5] [INFO] [1787143196.429725324] [amcl]: Setting pose (0.000000): -1.407 3.864 0.000
[controller_server-7] [INFO] [1787143196.928802899] [local_costmap.local_costmap]: Timed out waiting for transform from base_link to odom to become available, tf error: Invalid frame ID "odom" passed to canTransform argument target_frame - frame does not exist
[controller_server-7] [INFO] [1787143197.428820398] [local_costmap.local_costmap]: Timed out waiting for transform from base_link to odom to become available, tf error: Invalid frame ID "odom" passed to canTransform argument target_frame - frame does not exist
[amcl-5] [INFO] [1787143197.430364121] [amcl]: initialPoseReceived
[amcl-5] [INFO] [1787143197.430427180] [amcl]: Setting pose (0.000000): -1.407 3.864 0.000
[controller_server-7] [INFO] [1787143197.928793841] [local_costmap.local_costmap]: Timed out waiting for transform from base_link to odom to become available, tf error: Invalid frame ID "odom" passed to canTransform argument target_frame - frame does not exist
[controller_server-7] [INFO] [1787143198.428784008] [local_costmap.local_costmap]: Timed out waiting for transform from base_link to odom to become available, tf error: Invalid frame ID "odom" passed to canTransform argument target_frame - frame does not exist
[amcl-5] [INFO] [1787143198.430898859] [amcl]: initialPoseReceived
[amcl-5] [INFO] [1787143198.430972578] [amcl]: Setting pose (0.000000): -1.407 3.864 0.000
[controller_server-7] [INFO] [1787143198.928806816] [local_costmap.local_costmap]: Timed out waiting for transform from base_link to odom to become available, tf error: Invalid frame ID "odom" passed to canTransform argument target_frame - frame does not exist
[controller_server-7] [INFO] [1787143199.428822982] [local_costmap.local_costmap]: Timed out waiting for transform from base_link to odom to become available, tf error: Invalid frame ID "odom" passed to canTransform argument target_frame - frame does not exist
[amcl-5] [INFO] [1787143199.431793957] [amcl]: initialPoseReceived
[amcl-5] [INFO] [1787143199.431856536] [amcl]: Setting pose (0.000000): -1.407 3.864 0.000
[controller_server-7] [INFO] [1787143199.928799372] [local_costmap.local_costmap]: Timed out waiting for transform from base_link to odom to become available, tf error: Invalid frame ID "odom" passed to canTransform argument target_frame - frame does not exist
[controller_server-7] [INFO] [1787143200.428784731] [local_costmap.local_costmap]: Timed out waiting for transform from base_link to odom to become available, tf error: Invalid frame ID "odom" passed to canTransform argument target_frame - frame does not exist
[amcl-5] [INFO] [1787143200.432167433] [amcl]: initialPoseReceived
[amcl-5] [INFO] [1787143200.432245721] [amcl]: Setting pose (0.000000): -1.407 3.864 0.000
[controller_server-7] [INFO] [1787143200.928803201] [local_costmap.local_costmap]: Timed out waiting for transform from base_link to odom to become available, tf error: Invalid frame ID "odom" passed to canTransform argument target_frame - frame does not exist
[controller_server-7] [INFO] [1787143201.428799911] [local_costmap.local_costmap]: Timed out waiting for transform from base_link to odom to become available, tf error: Invalid frame ID "odom" passed to canTransform argument target_frame - frame does not exist
[amcl-5] [INFO] [1787143201.433028038] [amcl]: initialPoseReceived
[amcl-5] [INFO] [1787143201.433123348] [amcl]: Setting pose (0.000000): -1.407 3.864 0.000
[controller_server-7] [INFO] [1787143201.928845102] [local_costmap.local_costmap]: Timed out waiting for transform from base_link to odom to become available, tf error: Invalid frame ID "odom" passed to canTransform argument target_frame - frame does not exist
[controller_server-7] [INFO] [1787143202.428854785] [local_costmap.local_costmap]: Timed out waiting for transform from base_link to odom to become available, tf error: Invalid frame ID "odom" passed to canTransform argument target_frame - frame does not exist
[amcl-5] [INFO] [1787143202.433688034] [amcl]: initialPoseReceived
[amcl-5] [INFO] [1787143202.433874967] [amcl]: Setting pose (0.000000): -1.407 3.864 0.000
[controller_server-7] [INFO] [1787143202.928784740] [local_costmap.local_costmap]: Timed out waiting for transform from base_link to odom to become available, tf error: Invalid frame ID "odom" passed to canTransform argument target_frame - frame does not exist
[controller_server-7] [INFO] [1787143203.428786497] [local_costmap.local_costmap]: Timed out waiting for transform from base_link to odom to become available, tf error: Invalid frame ID "odom" passed to canTransform argument target_frame - frame does not exist
[amcl-5] [INFO] [1787143203.434155036] [amcl]: initialPoseReceived
[amcl-5] [INFO] [1787143203.434237782] [amcl]: Setting pose (0.000000): -1.407 3.864 0.000
[controller_server-7] [INFO] [1787143203.928784408] [local_costmap.local_costmap]: Timed out waiting for transform from base_link to odom to become available, tf error: Invalid frame ID "odom" passed to canTransform argument target_frame - frame does not exist
[controller_server-7] [INFO] [1787143204.428778402] [local_costmap.local_costmap]: Timed out waiting for transform from base_link to odom to become available, tf error: Invalid frame ID "odom" passed to canTransform argument target_frame - frame does not exist
[amcl-5] [INFO] [1787143204.434591981] [amcl]: initialPoseReceived
[amcl-5] [INFO] [1787143204.434675899] [amcl]: Setting pose (0.000000): -1.407 3.864 0.000
[controller_server-7] [INFO] [1787143204.928786142] [local_costmap.local_costmap]: Timed out waiting for transform from base_link to odom to become available, tf error: Invalid frame ID "odom" passed to canTransform argument target_frame - frame does not exist
[controller_server-7] [INFO] [1787143205.428843454] [local_costmap.local_costmap]: Timed out waiting for transform from base_link to odom to become available, tf error: Invalid frame ID "odom" passed to canTransform argument target_frame - frame does not exist
[amcl-5] [INFO] [1787143205.435466530] [amcl]: initialPoseReceived
[amcl-5] [INFO] [1787143205.435578822] [amcl]: Setting pose (0.000000): -1.407 3.864 0.000
[controller_server-7] [INFO] [1787143205.928784879] [local_costmap.local_costmap]: Timed out waiting for transform from base_link to odom to become available, tf error: Invalid frame ID "odom" passed to canTransform argument target_frame - frame does not exist
[controller_server-7] [INFO] [1787143206.428840631] [local_costmap.local_costmap]: Timed out waiting for transform from base_link to odom to become available, tf error: Invalid frame ID "odom" passed to canTransform argument target_frame - frame does not exist
[amcl-5] [INFO] [1787143206.436593088] [amcl]: initialPoseReceived
[amcl-5] [INFO] [1787143206.436736299] [amcl]: Setting pose (0.000000): -1.407 3.864 0.000
[controller_server-7] [INFO] [1787143206.928890861] [local_costmap.local_costmap]: Timed out waiting for transform from base_link to odom to become available, tf error: Invalid frame ID "odom" passed to canTransform argument target_frame - frame does not exist
[controller_server-7] [INFO] [1787143207.428803319] [local_costmap.local_costmap]: Timed out waiting for transform from base_link to odom to become available, tf error: Invalid frame ID "odom" passed to canTransform argument target_frame - frame does not exist
[amcl-5] [INFO] [1787143207.437395922] [amcl]: initialPoseReceived
[amcl-5] [INFO] [1787143207.437505038] [amcl]: Setting pose (0.000000): -1.407 3.864 0.000
[controller_server-7] [INFO] [1787143207.928805318] [local_costmap.local_costmap]: Timed out waiting for transform from base_link to odom to become available, tf error: Invalid frame ID "odom" passed to canTransform argument target_frame - frame does not exist
[controller_server-7] [INFO] [1787143208.428781369] [local_costmap.local_costmap]: Timed out waiting for transform from base_link to odom to become available, tf error: Invalid frame ID "odom" passed to canTransform argument target_frame - frame does not exist
[amcl-5] [INFO] [1787143208.437913459] [amcl]: initialPoseReceived
[amcl-5] [INFO] [1787143208.437985986] [amcl]: Setting pose (0.000000): -1.407 3.864 0.000
[controller_server-7] [INFO] [1787143208.928784019] [local_costmap.local_costmap]: Timed out waiting for transform from base_link to odom to become available, tf error: Invalid frame ID "odom" passed to canTransform argument target_frame - frame does not exist
[controller_server-7] [INFO] [1787143209.428784776] [local_costmap.local_costmap]: Timed out waiting for transform from base_link to odom to become available, tf error: Invalid frame ID "odom" passed to canTransform argument target_frame - frame does not exist
[amcl-5] [INFO] [1787143209.438479628] [amcl]: initialPoseReceived
[amcl-5] [INFO] [1787143209.438561974] [amcl]: Setting pose (0.000000): -1.407 3.864 0.000
[controller_server-7] [INFO] [1787143209.928812445] [local_costmap.local_costmap]: Timed out waiting for transform from base_link to odom to become available, tf error: Invalid frame ID "odom" passed to canTransform argument target_frame - frame does not exist
[controller_server-7] [INFO] [1787143210.428798134] [local_costmap.local_costmap]: Timed out waiting for transform from base_link to odom to become available, tf error: Invalid frame ID "odom" passed to canTransform argument target_frame - frame does not exist
[amcl-5] [INFO] [1787143210.439157410] [amcl]: initialPoseReceived
[amcl-5] [INFO] [1787143210.439255184] [amcl]: Setting pose (0.000000): -1.407 3.864 0.000
[controller_server-7] [INFO] [1787143210.928808278] [local_costmap.local_costmap]: Timed out waiting for transform from base_link to odom to become available, tf error: Invalid frame ID "odom" passed to canTransform argument target_frame - frame does not exist
[controller_server-7] [INFO] [1787143211.428782845] [local_costmap.local_costmap]: Timed out waiting for transform from base_link to odom to become available, tf error: Invalid frame ID "odom" passed to canTransform argument target_frame - frame does not exist
[amcl-5] [INFO] [1787143211.439652143] [amcl]: initialPoseReceived
[amcl-5] [INFO] [1787143211.439716043] [amcl]: Setting pose (0.000000): -1.407 3.864 0.000
[controller_server-7] [INFO] [1787143211.928802527] [local_costmap.local_costmap]: Timed out waiting for transform from base_link to odom to become available, tf error: Invalid frame ID "odom" passed to canTransform argument target_frame - frame does not exist
[controller_server-7] [INFO] [1787143212.428791511] [local_costmap.local_costmap]: Timed out waiting for transform from base_link to odom to become available, tf error: Invalid frame ID "odom" passed to canTransform argument target_frame - frame does not exist
[amcl-5] [INFO] [1787143212.440224853] [amcl]: initialPoseReceived
[amcl-5] [INFO] [1787143212.440305055] [amcl]: Setting pose (0.000000): -1.407 3.864 0.000
[controller_server-7] [INFO] [1787143212.928792778] [local_costmap.local_costmap]: Timed out waiting for transform from base_link to odom to become available, tf error: Invalid frame ID "odom" passed to canTransform argument target_frame - frame does not exist
[controller_server-7] [INFO] [1787143213.428793846] [local_costmap.local_costmap]: Timed out waiting for transform from base_link to odom to become available, tf error: Invalid frame ID "odom" passed to canTransform argument target_frame - frame does not exist
[amcl-5] [INFO] [1787143213.440820417] [amcl]: initialPoseReceived
[amcl-5] [INFO] [1787143213.440905578] [amcl]: Setting pose (0.000000): -1.407 3.864 0.000
[controller_server-7] [INFO] [1787143213.928786837] [local_costmap.local_costmap]: Timed out waiting for transform from base_link to odom to become available, tf error: Invalid frame ID "odom" passed to canTransform argument target_frame - frame does not exist
[controller_server-7] [INFO] [1787143214.428792322] [local_costmap.local_costmap]: Timed out waiting for transform from base_link to odom to become available, tf error: Invalid frame ID "odom" passed to canTransform argument target_frame - frame does not exist
[amcl-5] [INFO] [1787143214.441438353] [amcl]: initialPoseReceived
[amcl-5] [INFO] [1787143214.441514506] [amcl]: Setting pose (0.000000): -1.407 3.864 0.000
[controller_server-7] [INFO] [1787143214.928788360] [local_costmap.local_costmap]: Timed out waiting for transform from base_link to odom to become available, tf error: Invalid frame ID "odom" passed to canTransform argument target_frame - frame does not exist
[controller_server-7] [INFO] [1787143215.428791841] [local_costmap.local_costmap]: Timed out waiting for transform from base_link to odom to become available, tf error: Invalid frame ID "odom" passed to canTransform argument target_frame - frame does not exist
[amcl-5] [INFO] [1787143215.442439421] [amcl]: initialPoseReceived
[amcl-5] [INFO] [1787143215.442570628] [amcl]: Setting pose (0.000000): -1.407 3.864 0.000
[controller_server-7] [INFO] [1787143215.928786537] [local_costmap.local_costmap]: Timed out waiting for transform from base_link to odom to become available, tf error: Invalid frame ID "odom" passed to canTransform argument target_frame - frame does not exist
[controller_server-7] [INFO] [1787143216.428812911] [local_costmap.local_costmap]: Timed out waiting for transform from base_link to odom to become available, tf error: Invalid frame ID "odom" passed to canTransform argument target_frame - frame does not exist
[amcl-5] [INFO] [1787143216.443019496] [amcl]: initialPoseReceived
[amcl-5] [INFO] [1787143216.443090901] [amcl]: Setting pose (0.000000): -1.407 3.864 0.000
[controller_server-7] [INFO] [1787143216.928833805] [local_costmap.local_costmap]: Timed out waiting for transform from base_link to odom to become available, tf error: Invalid frame ID "odom" passed to canTransform argument target_frame - frame does not exist
[controller_server-7] [INFO] [1787143217.428784778] [local_costmap.local_costmap]: Timed out waiting for transform from base_link to odom to become available, tf error: Invalid frame ID "odom" passed to canTransform argument target_frame - frame does not exist
[amcl-5] [INFO] [1787143217.443847708] [amcl]: initialPoseReceived
[amcl-5] [INFO] [1787143217.443969468] [amcl]: Setting pose (0.000000): -1.407 3.864 0.000
[controller_server-7] [INFO] [1787143217.928772369] [local_costmap.local_costmap]: Timed out waiting for transform from base_link to odom to become available, tf error: Invalid frame ID "odom" passed to canTransform argument target_frame - frame does not exist
[controller_server-7] [INFO] [1787143218.428833559] [local_costmap.local_costmap]: Timed out waiting for transform from base_link to odom to become available, tf error: Invalid frame ID "odom" passed to canTransform argument target_frame - frame does not exist
[amcl-5] [INFO] [1787143218.444613983] [amcl]: initialPoseReceived
[amcl-5] [INFO] [1787143218.444735473] [amcl]: Setting pose (0.000000): -1.407 3.864 0.000
[controller_server-7] [INFO] [1787143218.928819328] [local_costmap.local_costmap]: Timed out waiting for transform from base_link to odom to become available, tf error: Invalid frame ID "odom" passed to canTransform argument target_frame - frame does not exist
[controller_server-7] [INFO] [1787143219.428770571] [local_costmap.local_costmap]: Timed out waiting for transform from base_link to odom to become available, tf error: Invalid frame ID "odom" passed to canTransform argument target_frame - frame does not exist
[amcl-5] [INFO] [1787143219.445320567] [amcl]: initialPoseReceived
[amcl-5] [INFO] [1787143219.445414404] [amcl]: Setting pose (0.000000): -1.407 3.864 0.000
[controller_server-7] [INFO] [1787143219.928763192] [local_costmap.local_costmap]: Timed out waiting for transform from base_link to odom to become available, tf error: Invalid frame ID "odom" passed to canTransform argument target_frame - frame does not exist
[controller_server-7] [INFO] [1787143220.428785058] [local_costmap.local_costmap]: Timed out waiting for transform from base_link to odom to become available, tf error: Invalid frame ID "odom" passed to canTransform argument target_frame - frame does not exist
[amcl-5] [INFO] [1787143220.445943452] [amcl]: initialPoseReceived
[amcl-5] [INFO] [1787143220.446021850] [amcl]: Setting pose (0.000000): -1.407 3.864 0.000
[controller_server-7] [INFO] [1787143220.928776124] [local_costmap.local_costmap]: Timed out waiting for transform from base_link to odom to become available, tf error: Invalid frame ID "odom" passed to canTransform argument target_frame - frame does not exist
[controller_server-7] [INFO] [1787143221.428814261] [local_costmap.local_costmap]: Timed out waiting for transform from base_link to odom to become available, tf error: Invalid frame ID "odom" passed to canTransform argument target_frame - frame does not exist
[amcl-5] [INFO] [1787143221.446583859] [amcl]: initialPoseReceived
[amcl-5] [INFO] [1787143221.446675071] [amcl]: Setting pose (0.000000): -1.407 3.864 0.000
[controller_server-7] [INFO] [1787143221.929185286] [local_costmap.local_costmap]: Timed out waiting for transform from base_link to odom to become available, tf error: Invalid frame ID "odom" passed to canTransform argument target_frame - frame does not exist
[controller_server-7] [INFO] [1787143222.428791888] [local_costmap.local_costmap]: Timed out waiting for transform from base_link to odom to become available, tf error: Invalid frame ID "odom" passed to canTransform argument target_frame - frame does not exist
[amcl-5] [INFO] [1787143222.447497452] [amcl]: initialPoseReceived
[amcl-5] [INFO] [1787143222.447595447] [amcl]: Setting pose (0.000000): -1.407 3.864 0.000
[controller_server-7] [INFO] [1787143222.928793446] [local_costmap.local_costmap]: Timed out waiting for transform from base_link to odom to become available, tf error: Invalid frame ID "odom" passed to canTransform argument target_frame - frame does not exist
[controller_server-7] [INFO] [1787143223.428777902] [local_costmap.local_costmap]: Timed out waiting for transform from base_link to odom to become available, tf error: Invalid frame ID "odom" passed to canTransform argument target_frame - frame does not exist
[amcl-5] [INFO] [1787143223.447996333] [amcl]: initialPoseReceived
[amcl-5] [INFO] [1787143223.448066615] [amcl]: Setting pose (0.000000): -1.407 3.864 0.000
[controller_server-7] [INFO] [1787143223.928779459] [local_costmap.local_costmap]: Timed out waiting for transform from base_link to odom to become available, tf error: Invalid frame ID "odom" passed to canTransform argument target_frame - frame does not exist
[controller_server-7] [INFO] [1787143224.428778703] [local_costmap.local_costmap]: Timed out waiting for transform from base_link to odom to become available, tf error: Invalid frame ID "odom" passed to canTransform argument target_frame - frame does not exist
[amcl-5] [INFO] [1787143224.448585864] [amcl]: initialPoseReceived
[amcl-5] [INFO] [1787143224.448676185] [amcl]: Setting pose (0.000000): -1.407 3.864 0.000
[controller_server-7] [INFO] [1787143224.928779198] [local_costmap.local_costmap]: Timed out waiting for transform from base_link to odom to become available, tf error: Invalid frame ID "odom" passed to canTransform argument target_frame - frame does not exist
[controller_server-7] [INFO] [1787143225.428818055] [local_costmap.local_costmap]: Timed out waiting for transform from base_link to odom to become available, tf error: Invalid frame ID "odom" passed to canTransform argument target_frame - frame does not exist
[amcl-5] [INFO] [1787143225.449502722] [amcl]: initialPoseReceived
[amcl-5] [INFO] [1787143225.449630453] [amcl]: Setting pose (0.000000): -1.407 3.864 0.000
[controller_server-7] [INFO] [1787143225.928811275] [local_costmap.local_costmap]: Timed out waiting for transform from base_link to odom to become available, tf error: Invalid frame ID "odom" passed to canTransform argument target_frame - frame does not exist
[controller_server-7] [INFO] [1787143226.428815566] [local_costmap.local_costmap]: Timed out waiting for transform from base_link to odom to become available, tf error: Invalid frame ID "odom" passed to canTransform argument target_frame - frame does not exist
[amcl-5] [INFO] [1787143226.450196668] [amcl]: initialPoseReceived
[amcl-5] [INFO] [1787143226.450303430] [amcl]: Setting pose (0.000000): -1.407 3.864 0.000
[controller_server-7] [INFO] [1787143226.928816475] [local_costmap.local_costmap]: Timed out waiting for transform from base_link to odom to become available, tf error: Invalid frame ID "odom" passed to canTransform argument target_frame - frame does not exist
[controller_server-7] [INFO] [1787143227.428830609] [local_costmap.local_costmap]: Timed out waiting for transform from base_link to odom to become available, tf error: Invalid frame ID "odom" passed to canTransform argument target_frame - frame does not exist
[amcl-5] [INFO] [1787143227.450933853] [amcl]: initialPoseReceived
[amcl-5] [INFO] [1787143227.451034402] [amcl]: Setting pose (0.000000): -1.407 3.864 0.000
[controller_server-7] [INFO] [1787143227.928810255] [local_costmap.local_costmap]: Timed out waiting for transform from base_link to odom to become available, tf error: Invalid frame ID "odom" passed to canTransform argument target_frame - frame does not exist
[controller_server-7] [INFO] [1787143228.428785483] [local_costmap.local_costmap]: Timed out waiting for transform from base_link to odom to become available, tf error: Invalid frame ID "odom" passed to canTransform argument target_frame - frame does not exist
[amcl-5] [INFO] [1787143228.451915324] [amcl]: initialPoseReceived
[amcl-5] [INFO] [1787143228.452029389] [amcl]: Setting pose (0.000000): -1.407 3.864 0.000
[controller_server-7] [INFO] [1787143228.928785307] [local_costmap.local_costmap]: Timed out waiting for transform from base_link to odom to become available, tf error: Invalid frame ID "odom" passed to canTransform argument target_frame - frame does not exist
[controller_server-7] [INFO] [1787143229.428766385] [local_costmap.local_costmap]: Timed out waiting for transform from base_link to odom to become available, tf error: Invalid frame ID "odom" passed to canTransform argument target_frame - frame does not exist
[amcl-5] [INFO] [1787143229.452703280] [amcl]: initialPoseReceived
[amcl-5] [INFO] [1787143229.452775947] [amcl]: Setting pose (0.000000): -1.407 3.864 0.000
[controller_server-7] [INFO] [1787143229.928784174] [local_costmap.local_costmap]: Timed out waiting for transform from base_link to odom to become available, tf error: Invalid frame ID "odom" passed to canTransform argument target_frame - frame does not exist
[controller_server-7] [INFO] [1787143230.428801511] [local_costmap.local_costmap]: Timed out waiting for transform from base_link to odom to become available, tf error: Invalid frame ID "odom" passed to canTransform argument target_frame - frame does not exist
[amcl-5] [INFO] [1787143230.453326986] [amcl]: initialPoseReceived
[amcl-5] [INFO] [1787143230.453392059] [amcl]: Setting pose (0.000000): -1.407 3.864 0.000
[controller_server-7] [INFO] [1787143230.928785576] [local_costmap.local_costmap]: Timed out waiting for transform from base_link to odom to become available, tf error: Invalid frame ID "odom" passed to canTransform argument target_frame - frame does not exist
[controller_server-7] [INFO] [1787143231.428817711] [local_costmap.local_costmap]: Timed out waiting for transform from base_link to odom to become available, tf error: Invalid frame ID "odom" passed to canTransform argument target_frame - frame does not exist
[amcl-5] [INFO] [1787143231.454132335] [amcl]: initialPoseReceived
[amcl-5] [INFO] [1787143231.454203589] [amcl]: Setting pose (0.000000): -1.407 3.864 0.000
[controller_server-7] [INFO] [1787143231.928808409] [local_costmap.local_costmap]: Timed out waiting for transform from base_link to odom to become available, tf error: Invalid frame ID "odom" passed to canTransform argument target_frame - frame does not exist
[controller_server-7] [INFO] [1787143232.429198489] [local_costmap.local_costmap]: Timed out waiting for transform from base_link to odom to become available, tf error: Invalid frame ID "odom" passed to canTransform argument target_frame - frame does not exist
[amcl-5] [INFO] [1787143232.454583034] [amcl]: initialPoseReceived
[amcl-5] [INFO] [1787143232.454703131] [amcl]: Setting pose (0.000000): -1.407 3.864 0.000
[controller_server-7] [INFO] [1787143232.928805371] [local_costmap.local_costmap]: Timed out waiting for transform from base_link to odom to become available, tf error: Invalid frame ID "odom" passed to canTransform argument target_frame - frame does not exist
[controller_server-7] [INFO] [1787143233.428785680] [local_costmap.local_costmap]: Timed out waiting for transform from base_link to odom to become available, tf error: Invalid frame ID "odom" passed to canTransform argument target_frame - frame does not exist
[amcl-5] [INFO] [1787143233.455528227] [amcl]: initialPoseReceived
[amcl-5] [INFO] [1787143233.455637503] [amcl]: Setting pose (0.000000): -1.407 3.864 0.000
[controller_server-7] [INFO] [1787143233.928783530] [local_costmap.local_costmap]: Timed out waiting for transform from base_link to odom to become available, tf error: Invalid frame ID "odom" passed to canTransform argument target_frame - frame does not exist
[controller_server-7] [INFO] [1787143234.428820265] [local_costmap.local_costmap]: Timed out waiting for transform from base_link to odom to become available, tf error: Invalid frame ID "odom" passed to canTransform argument target_frame - frame does not exist
[amcl-5] [INFO] [1787143234.455966434] [amcl]: initialPoseReceived
[amcl-5] [INFO] [1787143234.456045002] [amcl]: Setting pose (0.000000): -1.407 3.864 0.000
[controller_server-7] [INFO] [1787143234.928826260] [local_costmap.local_costmap]: Timed out waiting for transform from base_link to odom to become available, tf error: Invalid frame ID "odom" passed to canTransform argument target_frame - frame does not exist
[controller_server-7] [INFO] [1787143235.428779447] [local_costmap.local_costmap]: Timed out waiting for transform from base_link to odom to become available, tf error: Invalid frame ID "odom" passed to canTransform argument target_frame - frame does not exist
[amcl-5] [INFO] [1787143235.456924410] [amcl]: initialPoseReceived
[amcl-5] [INFO] [1787143235.457031913] [amcl]: Setting pose (0.000000): -1.407 3.864 0.000
[controller_server-7] [INFO] [1787143235.928819487] [local_costmap.local_costmap]: Timed out waiting for transform from base_link to odom to become available, tf error: Invalid frame ID "odom" passed to canTransform argument target_frame - frame does not exist
[controller_server-7] [INFO] [1787143236.428783403] [local_costmap.local_costmap]: Timed out waiting for transform from base_link to odom to become available, tf error: Invalid frame ID "odom" passed to canTransform argument target_frame - frame does not exist
[amcl-5] [INFO] [1787143236.457896784] [amcl]: initialPoseReceived
[amcl-5] [INFO] [1787143236.458013013] [amcl]: Setting pose (0.000000): -1.407 3.864 0.000
[controller_server-7] [INFO] [1787143236.928793397] [local_costmap.local_costmap]: Timed out waiting for transform from base_link to odom to become available, tf error: Invalid frame ID "odom" passed to canTransform argument target_frame - frame does not exist
[controller_server-7] [INFO] [1787143237.428838727] [local_costmap.local_costmap]: Timed out waiting for transform from base_link to odom to become available, tf error: Invalid frame ID "odom" passed to canTransform argument target_frame - frame does not exist
[amcl-5] [INFO] [1787143237.458509840] [amcl]: initialPoseReceived
[amcl-5] [INFO] [1787143237.458587287] [amcl]: Setting pose (0.000000): -1.407 3.864 0.000
[controller_server-7] [INFO] [1787143237.928836938] [local_costmap.local_costmap]: Timed out waiting for transform from base_link to odom to become available, tf error: Invalid frame ID "odom" passed to canTransform argument target_frame - frame does not exist
[controller_server-7] [INFO] [1787143238.428809540] [local_costmap.local_costmap]: Timed out waiting for transform from base_link to odom to become available, tf error: Invalid frame ID "odom" passed to canTransform argument target_frame - frame does not exist
[amcl-5] [INFO] [1787143238.459428682] [amcl]: initialPoseReceived
[amcl-5] [INFO] [1787143238.459528290] [amcl]: Setting pose (0.000000): -1.407 3.864 0.000
[controller_server-7] [INFO] [1787143238.928827331] [local_costmap.local_costmap]: Timed out waiting for transform from base_link to odom to become available, tf error: Invalid frame ID "odom" passed to canTransform argument target_frame - frame does not exist
[controller_server-7] [INFO] [1787143239.428827776] [local_costmap.local_costmap]: Timed out waiting for transform from base_link to odom to become available, tf error: Invalid frame ID "odom" passed to canTransform argument target_frame - frame does not exist
[amcl-5] [INFO] [1787143239.460123705] [amcl]: initialPoseReceived
[amcl-5] [INFO] [1787143239.460212282] [amcl]: Setting pose (0.000000): -1.407 3.864 0.000
[controller_server-7] [INFO] [1787143239.928854802] [local_costmap.local_costmap]: Timed out waiting for transform from base_link to odom to become available, tf error: Invalid frame ID "odom" passed to canTransform argument target_frame - frame does not exist
[controller_server-7] [INFO] [1787143240.428799534] [local_costmap.local_costmap]: Timed out waiting for transform from base_link to odom to become available, tf error: Invalid frame ID "odom" passed to canTransform argument target_frame - frame does not exist
[amcl-5] [INFO] [1787143240.460788611] [amcl]: initialPoseReceived
[amcl-5] [INFO] [1787143240.460897196] [amcl]: Setting pose (0.000000): -1.407 3.864 0.000
[controller_server-7] [INFO] [1787143240.928801273] [local_costmap.local_costmap]: Timed out waiting for transform from base_link to odom to become available, tf error: Invalid frame ID "odom" passed to canTransform argument target_frame - frame does not exist
[controller_server-7] [INFO] [1787143241.428784224] [local_costmap.local_costmap]: Timed out waiting for transform from base_link to odom to become available, tf error: Invalid frame ID "odom" passed to canTransform argument target_frame - frame does not exist
[amcl-5] [INFO] [1787143241.461212620] [amcl]: initialPoseReceived
[amcl-5] [INFO] [1787143241.461294985] [amcl]: Setting pose (0.000000): -1.407 3.864 0.000
[controller_server-7] [INFO] [1787143241.928782336] [local_costmap.local_costmap]: Timed out waiting for transform from base_link to odom to become available, tf error: Invalid frame ID "odom" passed to canTransform argument target_frame - frame does not exist
[controller_server-7] [INFO] [1787143242.428824710] [local_costmap.local_costmap]: Timed out waiting for transform from base_link to odom to become available, tf error: Invalid frame ID "odom" passed to canTransform argument target_frame - frame does not exist
[amcl-5] [INFO] [1787143242.461900227] [amcl]: initialPoseReceived
[amcl-5] [INFO] [1787143242.461984245] [amcl]: Setting pose (0.000000): -1.407 3.864 0.000
[controller_server-7] [INFO] [1787143242.928775070] [local_costmap.local_costmap]: Timed out waiting for transform from base_link to odom to become available, tf error: Invalid frame ID "odom" passed to canTransform argument target_frame - frame does not exist
[controller_server-7] [INFO] [1787143243.428799661] [local_costmap.local_costmap]: Timed out waiting for transform from base_link to odom to become available, tf error: Invalid frame ID "odom" passed to canTransform argument target_frame - frame does not exist
[amcl-5] [INFO] [1787143243.462687390] [amcl]: initialPoseReceived
[amcl-5] [INFO] [1787143243.462786928] [amcl]: Setting pose (0.000000): -1.407 3.864 0.000
[controller_server-7] [INFO] [1787143243.928818925] [local_costmap.local_costmap]: Timed out waiting for transform from base_link to odom to become available, tf error: Invalid frame ID "odom" passed to canTransform argument target_frame - frame does not exist
[controller_server-7] [INFO] [1787143244.428839269] [local_costmap.local_costmap]: Timed out waiting for transform from base_link to odom to become available, tf error: Invalid frame ID "odom" passed to canTransform argument target_frame - frame does not exist
[amcl-5] [INFO] [1787143244.463237871] [amcl]: initialPoseReceived
[amcl-5] [INFO] [1787143244.463338090] [amcl]: Setting pose (0.000000): -1.407 3.864 0.000
[controller_server-7] [INFO] [1787143244.928827501] [local_costmap.local_costmap]: Timed out waiting for transform from base_link to odom to become available, tf error: Invalid frame ID "odom" passed to canTransform argument target_frame - frame does not exist
[controller_server-7] [INFO] [1787143245.428781869] [local_costmap.local_costmap]: Timed out waiting for transform from base_link to odom to become available, tf error: Invalid frame ID "odom" passed to canTransform argument target_frame - frame does not exist
[amcl-5] [INFO] [1787143245.463899329] [amcl]: initialPoseReceived
[amcl-5] [INFO] [1787143245.463984900] [amcl]: Setting pose (0.000000): -1.407 3.864 0.000
[controller_server-7] [INFO] [1787143245.928782205] [local_costmap.local_costmap]: Timed out waiting for transform from base_link to odom to become available, tf error: Invalid frame ID "odom" passed to canTransform argument target_frame - frame does not exist
[controller_server-7] [INFO] [1787143246.428774576] [local_costmap.local_costmap]: Timed out waiting for transform from base_link to odom to become available, tf error: Invalid frame ID "odom" passed to canTransform argument target_frame - frame does not exist
[amcl-5] [INFO] [1787143246.464439729] [amcl]: initialPoseReceived
[amcl-5] [INFO] [1787143246.464516524] [amcl]: Setting pose (0.000000): -1.407 3.864 0.000
[controller_server-7] [INFO] [1787143246.928820597] [local_costmap.local_costmap]: Timed out waiting for transform from base_link to odom to become available, tf error: Invalid frame ID "odom" passed to canTransform argument target_frame - frame does not exist
[controller_server-7] [INFO] [1787143247.428810906] [local_costmap.local_costmap]: Timed out waiting for transform from base_link to odom to become available, tf error: Invalid frame ID "odom" passed to canTransform argument target_frame - frame does not exist
[amcl-5] [INFO] [1787143247.465344277] [amcl]: initialPoseReceived
[amcl-5] [INFO] [1787143247.465454845] [amcl]: Setting pose (0.000000): -1.407 3.864 0.000
[controller_server-7] [INFO] [1787143247.928806216] [local_costmap.local_costmap]: Timed out waiting for transform from base_link to odom to become available, tf error: Invalid frame ID "odom" passed to canTransform argument target_frame - frame does not exist
[controller_server-7] [INFO] [1787143248.428775483] [local_costmap.local_costmap]: Timed out waiting for transform from base_link to odom to become available, tf error: Invalid frame ID "odom" passed to canTransform argument target_frame - frame does not exist
[amcl-5] [INFO] [1787143248.465973838] [amcl]: initialPoseReceived
[amcl-5] [INFO] [1787143248.466066413] [amcl]: Setting pose (0.000000): -1.407 3.864 0.000
[controller_server-7] [INFO] [1787143248.928735312] [local_costmap.local_costmap]: Timed out waiting for transform from base_link to odom to become available, tf error: Invalid frame ID "odom" passed to canTransform argument target_frame - frame does not exist
[controller_server-7] [INFO] [1787143249.428793176] [local_costmap.local_costmap]: Timed out waiting for transform from base_link to odom to become available, tf error: Invalid frame ID "odom" passed to canTransform argument target_frame - frame does not exist
[amcl-5] [INFO] [1787143249.466481847] [amcl]: initialPoseReceived
[amcl-5] [INFO] [1787143249.466544225] [amcl]: Setting pose (0.000000): -1.407 3.864 0.000
[controller_server-7] [INFO] [1787143249.928810544] [local_costmap.local_costmap]: Timed out waiting for transform from base_link to odom to become available, tf error: Invalid frame ID "odom" passed to canTransform argument target_frame - frame does not exist
[controller_server-7] [INFO] [1787143250.428782818] [local_costmap.local_costmap]: Timed out waiting for transform from base_link to odom to become available, tf error: Invalid frame ID "odom" passed to canTransform argument target_frame - frame does not exist
[amcl-5] [INFO] [1787143250.467279052] [amcl]: initialPoseReceived
[amcl-5] [INFO] [1787143250.467360165] [amcl]: Setting pose (0.000000): -1.407 3.864 0.000
[controller_server-7] [INFO] [1787143250.928792982] [local_costmap.local_costmap]: Timed out waiting for transform from base_link to odom to become available, tf error: Invalid frame ID "odom" passed to canTransform argument target_frame - frame does not exist
[controller_server-7] [INFO] [1787143251.428829926] [local_costmap.local_costmap]: Timed out waiting for transform from base_link to odom to become available, tf error: Invalid frame ID "odom" passed to canTransform argument target_frame - frame does not exist
[amcl-5] [INFO] [1787143251.467942563] [amcl]: initialPoseReceived
[amcl-5] [INFO] [1787143251.468050156] [amcl]: Setting pose (0.000000): -1.407 3.864 0.000
[controller_server-7] [INFO] [1787143251.928777963] [local_costmap.local_costmap]: Timed out waiting for transform from base_link to odom to become available, tf error: Invalid frame ID "odom" passed to canTransform argument target_frame - frame does not exist
[controller_server-7] [INFO] [1787143252.428795771] [local_costmap.local_costmap]: Timed out waiting for transform from base_link to odom to become available, tf error: Invalid frame ID "odom" passed to canTransform argument target_frame - frame does not exist
[amcl-5] [INFO] [1787143252.469106128] [amcl]: initialPoseReceived
[amcl-5] [INFO] [1787143252.469265860] [amcl]: Setting pose (0.000000): -1.407 3.864 0.000
[controller_server-7] [INFO] [1787143252.928829621] [local_costmap.local_costmap]: Timed out waiting for transform from base_link to odom to become available, tf error: Invalid frame ID "odom" passed to canTransform argument target_frame - frame does not exist
[controller_server-7] [INFO] [1787143253.428829206] [local_costmap.local_costmap]: Timed out waiting for transform from base_link to odom to become available, tf error: Invalid frame ID "odom" passed to canTransform argument target_frame - frame does not exist
[amcl-5] [INFO] [1787143253.469980179] [amcl]: initialPoseReceived
[amcl-5] [INFO] [1787143253.470119753] [amcl]: Setting pose (0.000000): -1.407 3.864 0.000
[controller_server-7] [INFO] [1787143253.928803842] [local_costmap.local_costmap]: Timed out waiting for transform from base_link to odom to become available, tf error: Invalid frame ID "odom" passed to canTransform argument target_frame - frame does not exist
[controller_server-7] [INFO] [1787143254.428778793] [local_costmap.local_costmap]: Timed out waiting for transform from base_link to odom to become available, tf error: Invalid frame ID "odom" passed to canTransform argument target_frame - frame does not exist
[amcl-5] [INFO] [1787143254.470741938] [amcl]: initialPoseReceived
[amcl-5] [INFO] [1787143254.470852186] [amcl]: Setting pose (0.000000): -1.407 3.864 0.000
[controller_server-7] [INFO] [1787143254.928791771] [local_costmap.local_costmap]: Timed out waiting for transform from base_link to odom to become available, tf error: Invalid frame ID "odom" passed to canTransform argument target_frame - frame does not exist
[controller_server-7] [INFO] [1787143255.428791045] [local_costmap.local_costmap]: Timed out waiting for transform from base_link to odom to become available, tf error: Invalid frame ID "odom" passed to canTransform argument target_frame - frame does not exist
[amcl-5] [INFO] [1787143255.471212615] [amcl]: initialPoseReceived
[amcl-5] [INFO] [1787143255.471285783] [amcl]: Setting pose (0.000000): -1.407 3.864 0.000
[controller_server-7] [INFO] [1787143255.928803743] [local_costmap.local_costmap]: Timed out waiting for transform from base_link to odom to become available, tf error: Invalid frame ID "odom" passed to canTransform argument target_frame - frame does not exist
[controller_server-7] [INFO] [1787143256.428809621] [local_costmap.local_costmap]: Timed out waiting for transform from base_link to odom to become available, tf error: Invalid frame ID "odom" passed to canTransform argument target_frame - frame does not exist
[amcl-5] [INFO] [1787143256.472160655] [amcl]: initialPoseReceived
[amcl-5] [INFO] [1787143256.472238061] [amcl]: Setting pose (0.000000): -1.407 3.864 0.000
[controller_server-7] [INFO] [1787143256.928779510] [local_costmap.local_costmap]: Timed out waiting for transform from base_link to odom to become available, tf error: Invalid frame ID "odom" passed to canTransform argument target_frame - frame does not exist
[controller_server-7] [INFO] [1787143257.428762984] [local_costmap.local_costmap]: Timed out waiting for transform from base_link to odom to become available, tf error: Invalid frame ID "odom" passed to canTransform argument target_frame - frame does not exist
[amcl-5] [INFO] [1787143257.472704031] [amcl]: initialPoseReceived
[amcl-5] [INFO] [1787143257.472785184] [amcl]: Setting pose (0.000000): -1.407 3.864 0.000
[controller_server-7] [INFO] [1787143257.928783597] [local_costmap.local_costmap]: Timed out waiting for transform from base_link to odom to become available, tf error: Invalid frame ID "odom" passed to canTransform argument target_frame - frame does not exist
[controller_server-7] [INFO] [1787143258.428774014] [local_costmap.local_costmap]: Timed out waiting for transform from base_link to odom to become available, tf error: Invalid frame ID "odom" passed to canTransform argument target_frame - frame does not exist
[amcl-5] [INFO] [1787143258.473198845] [amcl]: initialPoseReceived
[amcl-5] [INFO] [1787143258.473295908] [amcl]: Setting pose (0.000000): -1.407 3.864 0.000
[controller_server-7] [INFO] [1787143258.928763088] [local_costmap.local_costmap]: Timed out waiting for transform from base_link to odom to become available, tf error: Invalid frame ID "odom" passed to canTransform argument target_frame - frame does not exist
[controller_server-7] [INFO] [1787143259.428781587] [local_costmap.local_costmap]: Timed out waiting for transform from base_link to odom to become available, tf error: Invalid frame ID "odom" passed to canTransform argument target_frame - frame does not exist
[amcl-5] [INFO] [1787143259.474015413] [amcl]: initialPoseReceived
[amcl-5] [INFO] [1787143259.474097468] [amcl]: Setting pose (0.000000): -1.407 3.864 0.000
[controller_server-7] [INFO] [1787143259.928823210] [local_costmap.local_costmap]: Timed out waiting for transform from base_link to odom to become available, tf error: Invalid frame ID "odom" passed to canTransform argument target_frame - frame does not exist
[controller_server-7] [INFO] [1787143260.428776055] [local_costmap.local_costmap]: Timed out waiting for transform from base_link to odom to become available, tf error: Invalid frame ID "odom" passed to canTransform argument target_frame - frame does not exist
[amcl-5] [INFO] [1787143260.474848955] [amcl]: initialPoseReceived
[amcl-5] [INFO] [1787143260.474918957] [amcl]: Setting pose (0.000000): -1.407 3.864 0.000
[controller_server-7] [INFO] [1787143260.928779277] [local_costmap.local_costmap]: Timed out waiting for transform from base_link to odom to become available, tf error: Invalid frame ID "odom" passed to canTransform argument target_frame - frame does not exist
[controller_server-7] [INFO] [1787143261.428791214] [local_costmap.local_costmap]: Timed out waiting for transform from base_link to odom to become available, tf error: Invalid frame ID "odom" passed to canTransform argument target_frame - frame does not exist
[amcl-5] [INFO] [1787143261.475469877] [amcl]: initialPoseReceived
[amcl-5] [INFO] [1787143261.475561430] [amcl]: Setting pose (0.000000): -1.407 3.864 0.000
[controller_server-7] [INFO] [1787143261.928823950] [local_costmap.local_costmap]: Timed out waiting for transform from base_link to odom to become available, tf error: Invalid frame ID "odom" passed to canTransform argument target_frame - frame does not exist
[controller_server-7] [INFO] [1787143262.428810439] [local_costmap.local_costmap]: Timed out waiting for transform from base_link to odom to become available, tf error: Invalid frame ID "odom" passed to canTransform argument target_frame - frame does not exist
[amcl-5] [INFO] [1787143262.476460906] [amcl]: initialPoseReceived
[amcl-5] [INFO] [1787143262.476575322] [amcl]: Setting pose (0.000000): -1.407 3.864 0.000
[controller_server-7] [INFO] [1787143262.928828439] [local_costmap.local_costmap]: Timed out waiting for transform from base_link to odom to become available, tf error: Invalid frame ID "odom" passed to canTransform argument target_frame - frame does not exist
[controller_server-7] [INFO] [1787143263.428793238] [local_costmap.local_costmap]: Timed out waiting for transform from base_link to odom to become available, tf error: Invalid frame ID "odom" passed to canTransform argument target_frame - frame does not exist
[amcl-5] [INFO] [1787143263.477447468] [amcl]: initialPoseReceived
[amcl-5] [INFO] [1787143263.477570851] [amcl]: Setting pose (0.000000): -1.407 3.864 0.000
[controller_server-7] [INFO] [1787143263.928785478] [local_costmap.local_costmap]: Timed out waiting for transform from base_link to odom to become available, tf error: Invalid frame ID "odom" passed to canTransform argument target_frame - frame does not exist
[controller_server-7] [INFO] [1787143264.428817184] [local_costmap.local_costmap]: Timed out waiting for transform from base_link to odom to become available, tf error: Invalid frame ID "odom" passed to canTransform argument target_frame - frame does not exist
[amcl-5] [INFO] [1787143264.478100620] [amcl]: initialPoseReceived
[amcl-5] [INFO] [1787143264.478196742] [amcl]: Setting pose (0.000000): -1.407 3.864 0.000
[controller_server-7] [INFO] [1787143264.928824513] [local_costmap.local_costmap]: Timed out waiting for transform from base_link to odom to become available, tf error: Invalid frame ID "odom" passed to canTransform argument target_frame - frame does not exist
[controller_server-7] [INFO] [1787143265.428790205] [local_costmap.local_costmap]: Timed out waiting for transform from base_link to odom to become available, tf error: Invalid frame ID "odom" passed to canTransform argument target_frame - frame does not exist
[amcl-5] [INFO] [1787143265.479304334] [amcl]: initialPoseReceived
[amcl-5] [INFO] [1787143265.479417457] [amcl]: Setting pose (0.000000): -1.407 3.864 0.000
[controller_server-7] [INFO] [1787143265.928800759] [local_costmap.local_costmap]: Timed out waiting for transform from base_link to odom to become available, tf error: Invalid frame ID "odom" passed to canTransform argument target_frame - frame does not exist
[controller_server-7] [INFO] [1787143266.428777751] [local_costmap.local_costmap]: Timed out waiting for transform from base_link to odom to become available, tf error: Invalid frame ID "odom" passed to canTransform argument target_frame - frame does not exist
[amcl-5] [INFO] [1787143266.479929604] [amcl]: initialPoseReceived
[amcl-5] [INFO] [1787143266.480048147] [amcl]: Setting pose (0.000000): -1.407 3.864 0.000
[controller_server-7] [INFO] [1787143266.928827331] [local_costmap.local_costmap]: Timed out waiting for transform from base_link to odom to become available, tf error: Invalid frame ID "odom" passed to canTransform argument target_frame - frame does not exist
[controller_server-7] [INFO] [1787143267.428831734] [local_costmap.local_costmap]: Timed out waiting for transform from base_link to odom to become available, tf error: Invalid frame ID "odom" passed to canTransform argument target_frame - frame does not exist
[amcl-5] [INFO] [1787143267.480980317] [amcl]: initialPoseReceived
[amcl-5] [INFO] [1787143267.481050990] [amcl]: Setting pose (0.000000): -1.407 3.864 0.000
[controller_server-7] [INFO] [1787143267.928835447] [local_costmap.local_costmap]: Timed out waiting for transform from base_link to odom to become available, tf error: Invalid frame ID "odom" passed to canTransform argument target_frame - frame does not exist
[controller_server-7] [INFO] [1787143268.428836623] [local_costmap.local_costmap]: Timed out waiting for transform from base_link to odom to become available, tf error: Invalid frame ID "odom" passed to canTransform argument target_frame - frame does not exist
[amcl-5] [INFO] [1787143268.482041970] [amcl]: initialPoseReceived
[amcl-5] [INFO] [1787143268.482125948] [amcl]: Setting pose (0.000000): -1.407 3.864 0.000
[controller_server-7] [INFO] [1787143268.928816832] [local_costmap.local_costmap]: Timed out waiting for transform from base_link to odom to become available, tf error: Invalid frame ID "odom" passed to canTransform argument target_frame - frame does not exist
[controller_server-7] [INFO] [1787143269.428837958] [local_costmap.local_costmap]: Timed out waiting for transform from base_link to odom to become available, tf error: Invalid frame ID "odom" passed to canTransform argument target_frame - frame does not exist
[amcl-5] [INFO] [1787143269.482553768] [amcl]: initialPoseReceived
[amcl-5] [INFO] [1787143269.482630814] [amcl]: Setting pose (0.000000): -1.407 3.864 0.000
[controller_server-7] [INFO] [1787143269.928842382] [local_costmap.local_costmap]: Timed out waiting for transform from base_link to odom to become available, tf error: Invalid frame ID "odom" passed to canTransform argument target_frame - frame does not exist
[controller_server-7] [INFO] [1787143270.428826885] [local_costmap.local_costmap]: Timed out waiting for transform from base_link to odom to become available, tf error: Invalid frame ID "odom" passed to canTransform argument target_frame - frame does not exist
[amcl-5] [INFO] [1787143270.483405243] [amcl]: initialPoseReceived
[amcl-5] [INFO] [1787143270.483516423] [amcl]: Setting pose (0.000000): -1.407 3.864 0.000
[controller_server-7] [INFO] [1787143270.928795833] [local_costmap.local_costmap]: Timed out waiting for transform from base_link to odom to become available, tf error: Invalid frame ID "odom" passed to canTransform argument target_frame - frame does not exist
[controller_server-7] [INFO] [1787143271.428809485] [local_costmap.local_costmap]: Timed out waiting for transform from base_link to odom to become available, tf error: Invalid frame ID "odom" passed to canTransform argument target_frame - frame does not exist
[amcl-5] [INFO] [1787143271.484725386] [amcl]: initialPoseReceived
[amcl-5] [INFO] [1787143271.484821257] [amcl]: Setting pose (0.000000): -1.407 3.864 0.000
[controller_server-7] [INFO] [1787143271.928828065] [local_costmap.local_costmap]: Timed out waiting for transform from base_link to odom to become available, tf error: Invalid frame ID "odom" passed to canTransform argument target_frame - frame does not exist
[controller_server-7] [INFO] [1787143272.428835113] [local_costmap.local_costmap]: Timed out waiting for transform from base_link to odom to become available, tf error: Invalid frame ID "odom" passed to canTransform argument target_frame - frame does not exist
[amcl-5] [INFO] [1787143272.485466043] [amcl]: initialPoseReceived
[amcl-5] [INFO] [1787143272.485575940] [amcl]: Setting pose (0.000000): -1.407 3.864 0.000
[controller_server-7] [INFO] [1787143272.928844283] [local_costmap.local_costmap]: Timed out waiting for transform from base_link to odom to become available, tf error: Invalid frame ID "odom" passed to canTransform argument target_frame - frame does not exist
[controller_server-7] [INFO] [1787143273.428852545] [local_costmap.local_costmap]: Timed out waiting for transform from base_link to odom to become available, tf error: Invalid frame ID "odom" passed to canTransform argument target_frame - frame does not exist
[amcl-5] [INFO] [1787143273.485928335] [amcl]: initialPoseReceived
[amcl-5] [INFO] [1787143273.485997506] [amcl]: Setting pose (0.000000): -1.407 3.864 0.000
[controller_server-7] [INFO] [1787143273.928830489] [local_costmap.local_costmap]: Timed out waiting for transform from base_link to odom to become available, tf error: Invalid frame ID "odom" passed to canTransform argument target_frame - frame does not exist
[controller_server-7] [INFO] [1787143274.428838939] [local_costmap.local_costmap]: Timed out waiting for transform from base_link to odom to become available, tf error: Invalid frame ID "odom" passed to canTransform argument target_frame - frame does not exist
[amcl-5] [INFO] [1787143274.487206598] [amcl]: initialPoseReceived
[amcl-5] [INFO] [1787143274.487318108] [amcl]: Setting pose (0.000000): -1.407 3.864 0.000
[controller_server-7] [INFO] [1787143274.928787138] [local_costmap.local_costmap]: Timed out waiting for transform from base_link to odom to become available, tf error: Invalid frame ID "odom" passed to canTransform argument target_frame - frame does not exist
[controller_server-7] [INFO] [1787143275.428814212] [local_costmap.local_costmap]: Timed out waiting for transform from base_link to odom to become available, tf error: Invalid frame ID "odom" passed to canTransform argument target_frame - frame does not exist
[amcl-5] [INFO] [1787143275.488149726] [amcl]: initialPoseReceived
[amcl-5] [INFO] [1787143275.488262769] [amcl]: Setting pose (0.000000): -1.407 3.864 0.000
[controller_server-7] [INFO] [1787143275.928852969] [local_costmap.local_costmap]: Timed out waiting for transform from base_link to odom to become available, tf error: Invalid frame ID "odom" passed to canTransform argument target_frame - frame does not exist
[controller_server-7] [INFO] [1787143276.428822455] [local_costmap.local_costmap]: Timed out waiting for transform from base_link to odom to become available, tf error: Invalid frame ID "odom" passed to canTransform argument target_frame - frame does not exist
[amcl-5] [INFO] [1787143276.488892756] [amcl]: initialPoseReceived
[amcl-5] [INFO] [1787143276.489017020] [amcl]: Setting pose (0.000000): -1.407 3.864 0.000
[controller_server-7] [INFO] [1787143276.928820899] [local_costmap.local_costmap]: Timed out waiting for transform from base_link to odom to become available, tf error: Invalid frame ID "odom" passed to canTransform argument target_frame - frame does not exist
[controller_server-7] [INFO] [1787143277.428819149] [local_costmap.local_costmap]: Timed out waiting for transform from base_link to odom to become available, tf error: Invalid frame ID "odom" passed to canTransform argument target_frame - frame does not exist
[amcl-5] [INFO] [1787143277.489739773] [amcl]: initialPoseReceived
[amcl-5] [INFO] [1787143277.489821497] [amcl]: Setting pose (0.000000): -1.407 3.864 0.000
[controller_server-7] [INFO] [1787143277.928756104] [local_costmap.local_costmap]: Timed out waiting for transform from base_link to odom to become available, tf error: Invalid frame ID "odom" passed to canTransform argument target_frame - frame does not exist
[controller_server-7] [INFO] [1787143278.428848654] [local_costmap.local_costmap]: Timed out waiting for transform from base_link to odom to become available, tf error: Invalid frame ID "odom" passed to canTransform argument target_frame - frame does not exist
[amcl-5] [INFO] [1787143278.490349494] [amcl]: initialPoseReceived
[amcl-5] [INFO] [1787143278.490429375] [amcl]: Setting pose (0.000000): -1.407 3.864 0.000
[controller_server-7] [INFO] [1787143278.928852306] [local_costmap.local_costmap]: Timed out waiting for transform from base_link to odom to become available, tf error: Invalid frame ID "odom" passed to canTransform argument target_frame - frame does not exist
[controller_server-7] [INFO] [1787143279.428793478] [local_costmap.local_costmap]: Timed out waiting for transform from base_link to odom to become available, tf error: Invalid frame ID "odom" passed to canTransform argument target_frame - frame does not exist
[amcl-5] [INFO] [1787143279.490958110] [amcl]: initialPoseReceived
[amcl-5] [INFO] [1787143279.491040185] [amcl]: Setting pose (0.000000): -1.407 3.864 0.000
[controller_server-7] [INFO] [1787143279.928748418] [local_costmap.local_costmap]: Timed out waiting for transform from base_link to odom to become available, tf error: Invalid frame ID "odom" passed to canTransform argument target_frame - frame does not exist
[controller_server-7] [INFO] [1787143280.428848683] [local_costmap.local_costmap]: Timed out waiting for transform from base_link to odom to become available, tf error: Invalid frame ID "odom" passed to canTransform argument target_frame - frame does not exist
[amcl-5] [INFO] [1787143280.491865713] [amcl]: initialPoseReceived
[amcl-5] [INFO] [1787143280.491978696] [amcl]: Setting pose (0.000000): -1.407 3.864 0.000
[controller_server-7] [INFO] [1787143280.928842266] [local_costmap.local_costmap]: Timed out waiting for transform from base_link to odom to become available, tf error: Invalid frame ID "odom" passed to canTransform argument target_frame - frame does not exist
[controller_server-7] [INFO] [1787143281.429161946] [local_costmap.local_costmap]: Timed out waiting for transform from base_link to odom to become available, tf error: Invalid frame ID "odom" passed to canTransform argument target_frame - frame does not exist
[amcl-5] [INFO] [1787143281.492770132] [amcl]: initialPoseReceived
[amcl-5] [INFO] [1787143281.492887383] [amcl]: Setting pose (0.000000): -1.407 3.864 0.000
[controller_server-7] [INFO] [1787143281.928835805] [local_costmap.local_costmap]: Timed out waiting for transform from base_link to odom to become available, tf error: Invalid frame ID "odom" passed to canTransform argument target_frame - frame does not exist
[controller_server-7] [INFO] [1787143282.428873641] [local_costmap.local_costmap]: Timed out waiting for transform from base_link to odom to become available, tf error: Invalid frame ID "odom" passed to canTransform argument target_frame - frame does not exist
[amcl-5] [INFO] [1787143282.493631836] [amcl]: initialPoseReceived
[amcl-5] [INFO] [1787143282.493715775] [amcl]: Setting pose (0.000000): -1.407 3.864 0.000
[controller_server-7] [INFO] [1787143282.928789168] [local_costmap.local_costmap]: Timed out waiting for transform from base_link to odom to become available, tf error: Invalid frame ID "odom" passed to canTransform argument target_frame - frame does not exist
[controller_server-7] [INFO] [1787143283.428793349] [local_costmap.local_costmap]: Timed out waiting for transform from base_link to odom to become available, tf error: Invalid frame ID "odom" passed to canTransform argument target_frame - frame does not exist
[amcl-5] [INFO] [1787143283.494511505] [amcl]: initialPoseReceived
[amcl-5] [INFO] [1787143283.494622444] [amcl]: Setting pose (0.000000): -1.407 3.864 0.000
[controller_server-7] [INFO] [1787143283.928783894] [local_costmap.local_costmap]: Timed out waiting for transform from base_link to odom to become available, tf error: Invalid frame ID "odom" passed to canTransform argument target_frame - frame does not exist
[controller_server-7] [INFO] [1787143284.428834103] [local_costmap.local_costmap]: Timed out waiting for transform from base_link to odom to become available, tf error: Invalid frame ID "odom" passed to canTransform argument target_frame - frame does not exist
[amcl-5] [INFO] [1787143284.494910826] [amcl]: initialPoseReceived
[amcl-5] [INFO] [1787143284.494980497] [amcl]: Setting pose (0.000000): -1.407 3.864 0.000
[controller_server-7] [INFO] [1787143284.928800935] [local_costmap.local_costmap]: Timed out waiting for transform from base_link to odom to become available, tf error: Invalid frame ID "odom" passed to canTransform argument target_frame - frame does not exist
[controller_server-7] [INFO] [1787143285.428787284] [local_costmap.local_costmap]: Timed out waiting for transform from base_link to odom to become available, tf error: Invalid frame ID "odom" passed to canTransform argument target_frame - frame does not exist
[amcl-5] [INFO] [1787143285.495906625] [amcl]: initialPoseReceived
[amcl-5] [INFO] [1787143285.496041439] [amcl]: Setting pose (0.000000): -1.407 3.864 0.000
[controller_server-7] [INFO] [1787143285.928801729] [local_costmap.local_costmap]: Timed out waiting for transform from base_link to odom to become available, tf error: Invalid frame ID "odom" passed to canTransform argument target_frame - frame does not exist
[controller_server-7] [INFO] [1787143286.428840297] [local_costmap.local_costmap]: Timed out waiting for transform from base_link to odom to become available, tf error: Invalid frame ID "odom" passed to canTransform argument target_frame - frame does not exist
[amcl-5] [INFO] [1787143286.496562945] [amcl]: initialPoseReceived
[amcl-5] [INFO] [1787143286.496687389] [amcl]: Setting pose (0.000000): -1.407 3.864 0.000
[controller_server-7] [INFO] [1787143286.928843726] [local_costmap.local_costmap]: Timed out waiting for transform from base_link to odom to become available, tf error: Invalid frame ID "odom" passed to canTransform argument target_frame - frame does not exist
[controller_server-7] [INFO] [1787143287.428800462] [local_costmap.local_costmap]: Timed out waiting for transform from base_link to odom to become available, tf error: Invalid frame ID "odom" passed to canTransform argument target_frame - frame does not exist
[amcl-5] [INFO] [1787143287.496989730] [amcl]: initialPoseReceived
[amcl-5] [INFO] [1787143287.497050235] [amcl]: Setting pose (0.000000): -1.407 3.864 0.000
[controller_server-7] [INFO] [1787143287.928855571] [local_costmap.local_costmap]: Timed out waiting for transform from base_link to odom to become available, tf error: Invalid frame ID "odom" passed to canTransform argument target_frame - frame does not exist
[controller_server-7] [INFO] [1787143288.428824400] [local_costmap.local_costmap]: Timed out waiting for transform from base_link to odom to become available, tf error: Invalid frame ID "odom" passed to canTransform argument target_frame - frame does not exist
[amcl-5] [INFO] [1787143288.497995470] [amcl]: initialPoseReceived
[amcl-5] [INFO] [1787143288.498103614] [amcl]: Setting pose (0.000000): -1.407 3.864 0.000
[controller_server-7] [INFO] [1787143288.928782403] [local_costmap.local_costmap]: Timed out waiting for transform from base_link to odom to become available, tf error: Invalid frame ID "odom" passed to canTransform argument target_frame - frame does not exist
[controller_server-7] [INFO] [1787143289.428740971] [local_costmap.local_costmap]: Timed out waiting for transform from base_link to odom to become available, tf error: Invalid frame ID "odom" passed to canTransform argument target_frame - frame does not exist
[amcl-5] [INFO] [1787143289.498616402] [amcl]: initialPoseReceived
[amcl-5] [INFO] [1787143289.498746487] [amcl]: Setting pose (0.000000): -1.407 3.864 0.000
[controller_server-7] [INFO] [1787143289.928841755] [local_costmap.local_costmap]: Timed out waiting for transform from base_link to odom to become available, tf error: Invalid frame ID "odom" passed to canTransform argument target_frame - frame does not exist
[controller_server-7] [INFO] [1787143290.429101662] [local_costmap.local_costmap]: Timed out waiting for transform from base_link to odom to become available, tf error: Invalid frame ID "odom" passed to canTransform argument target_frame - frame does not exist
[amcl-5] [INFO] [1787143290.499207848] [amcl]: initialPoseReceived
[amcl-5] [INFO] [1787143290.499300853] [amcl]: Setting pose (0.000000): -1.407 3.864 0.000
[controller_server-7] [INFO] [1787143290.928842851] [local_costmap.local_costmap]: Timed out waiting for transform from base_link to odom to become available, tf error: Invalid frame ID "odom" passed to canTransform argument target_frame - frame does not exist
[controller_server-7] [INFO] [1787143291.429151720] [local_costmap.local_costmap]: Timed out waiting for transform from base_link to odom to become available, tf error: Invalid frame ID "odom" passed to canTransform argument target_frame - frame does not exist
[amcl-5] [INFO] [1787143291.500108590] [amcl]: initialPoseReceived
[amcl-5] [INFO] [1787143291.500214840] [amcl]: Setting pose (0.000000): -1.407 3.864 0.000
[controller_server-7] [INFO] [1787143291.928795773] [local_costmap.local_costmap]: Timed out waiting for transform from base_link to odom to become available, tf error: Invalid frame ID "odom" passed to canTransform argument target_frame - frame does not exist
[controller_server-7] [INFO] [1787143292.428839101] [local_costmap.local_costmap]: Timed out waiting for transform from base_link to odom to become available, tf error: Invalid frame ID "odom" passed to canTransform argument target_frame - frame does not exist
[amcl-5] [INFO] [1787143292.500987911] [amcl]: initialPoseReceived
[amcl-5] [INFO] [1787143292.501099141] [amcl]: Setting pose (0.000000): -1.407 3.864 0.000
[controller_server-7] [INFO] [1787143292.928808758] [local_costmap.local_costmap]: Timed out waiting for transform from base_link to odom to become available, tf error: Invalid frame ID "odom" passed to canTransform argument target_frame - frame does not exist
[controller_server-7] [INFO] [1787143293.428838009] [local_costmap.local_costmap]: Timed out waiting for transform from base_link to odom to become available, tf error: Invalid frame ID "odom" passed to canTransform argument target_frame - frame does not exist
[amcl-5] [INFO] [1787143293.501655940] [amcl]: initialPoseReceived
[amcl-5] [INFO] [1787143293.501728918] [amcl]: Setting pose (0.000000): -1.407 3.864 0.000
[controller_server-7] [INFO] [1787143293.928834697] [local_costmap.local_costmap]: Timed out waiting for transform from base_link to odom to become available, tf error: Invalid frame ID "odom" passed to canTransform argument target_frame - frame does not exist
[controller_server-7] [INFO] [1787143294.428849291] [local_costmap.local_costmap]: Timed out waiting for transform from base_link to odom to become available, tf error: Invalid frame ID "odom" passed to canTransform argument target_frame - frame does not exist
[amcl-5] [INFO] [1787143294.502405836] [amcl]: initialPoseReceived
[amcl-5] [INFO] [1787143294.502477291] [amcl]: Setting pose (0.000000): -1.407 3.864 0.000
[controller_server-7] [INFO] [1787143294.928801006] [local_costmap.local_costmap]: Timed out waiting for transform from base_link to odom to become available, tf error: Invalid frame ID "odom" passed to canTransform argument target_frame - frame does not exist
[controller_server-7] [INFO] [1787143295.428828590] [local_costmap.local_costmap]: Timed out waiting for transform from base_link to odom to become available, tf error: Invalid frame ID "odom" passed to canTransform argument target_frame - frame does not exist
[amcl-5] [INFO] [1787143295.503351289] [amcl]: initialPoseReceived
[amcl-5] [INFO] [1787143295.503415289] [amcl]: Setting pose (0.000000): -1.407 3.864 0.000
[controller_server-7] [INFO] [1787143295.928815101] [local_costmap.local_costmap]: Timed out waiting for transform from base_link to odom to become available, tf error: Invalid frame ID "odom" passed to canTransform argument target_frame - frame does not exist
[controller_server-7] [INFO] [1787143296.428798505] [local_costmap.local_costmap]: Timed out waiting for transform from base_link to odom to become available, tf error: Invalid frame ID "odom" passed to canTransform argument target_frame - frame does not exist
[amcl-5] [INFO] [1787143296.503953426] [amcl]: initialPoseReceived
[amcl-5] [INFO] [1787143296.504031393] [amcl]: Setting pose (0.000000): -1.407 3.864 0.000
[controller_server-7] [INFO] [1787143296.928813901] [local_costmap.local_costmap]: Timed out waiting for transform from base_link to odom to become available, tf error: Invalid frame ID "odom" passed to canTransform argument target_frame - frame does not exist
[controller_server-7] [INFO] [1787143297.428778081] [local_costmap.local_costmap]: Timed out waiting for transform from base_link to odom to become available, tf error: Invalid frame ID "odom" passed to canTransform argument target_frame - frame does not exist
[amcl-5] [INFO] [1787143297.504573842] [amcl]: initialPoseReceived
[amcl-5] [INFO] [1787143297.504660135] [amcl]: Setting pose (0.000000): -1.407 3.864 0.000
[controller_server-7] [INFO] [1787143297.928796910] [local_costmap.local_costmap]: Timed out waiting for transform from base_link to odom to become available, tf error: Invalid frame ID "odom" passed to canTransform argument target_frame - frame does not exist
[controller_server-7] [INFO] [1787143298.428857248] [local_costmap.local_costmap]: Timed out waiting for transform from base_link to odom to become available, tf error: Invalid frame ID "odom" passed to canTransform argument target_frame - frame does not exist
[amcl-5] [INFO] [1787143298.505154916] [amcl]: initialPoseReceived
[amcl-5] [INFO] [1787143298.505228244] [amcl]: Setting pose (0.000000): -1.407 3.864 0.000
[controller_server-7] [INFO] [1787143298.928787723] [local_costmap.local_costmap]: Timed out waiting for transform from base_link to odom to become available, tf error: Invalid frame ID "odom" passed to canTransform argument target_frame - frame does not exist
[controller_server-7] [INFO] [1787143299.428782137] [local_costmap.local_costmap]: Timed out waiting for transform from base_link to odom to become available, tf error: Invalid frame ID "odom" passed to canTransform argument target_frame - frame does not exist
[amcl-5] [INFO] [1787143299.505830171] [amcl]: initialPoseReceived
[amcl-5] [INFO] [1787143299.505935630] [amcl]: Setting pose (0.000000): -1.407 3.864 0.000
[controller_server-7] [INFO] [1787143299.928849800] [local_costmap.local_costmap]: Timed out waiting for transform from base_link to odom to become available, tf error: Invalid frame ID "odom" passed to canTransform argument target_frame - frame does not exist
[controller_server-7] [INFO] [1787143300.428783840] [local_costmap.local_costmap]: Timed out waiting for transform from base_link to odom to become available, tf error: Invalid frame ID "odom" passed to canTransform argument target_frame - frame does not exist
[amcl-5] [INFO] [1787143300.506402880] [amcl]: initialPoseReceived
[amcl-5] [INFO] [1787143300.506482310] [amcl]: Setting pose (0.000000): -1.407 3.864 0.000
[controller_server-7] [INFO] [1787143300.928777953] [local_costmap.local_costmap]: Timed out waiting for transform from base_link to odom to become available, tf error: Invalid frame ID "odom" passed to canTransform argument target_frame - frame does not exist
[controller_server-7] [INFO] [1787143301.428807444] [local_costmap.local_costmap]: Timed out waiting for transform from base_link to odom to become available, tf error: Invalid frame ID "odom" passed to canTransform argument target_frame - frame does not exist
[amcl-5] [INFO] [1787143301.507255307] [amcl]: initialPoseReceived
[amcl-5] [INFO] [1787143301.507360045] [amcl]: Setting pose (0.000000): -1.407 3.864 0.000
[controller_server-7] [INFO] [1787143301.928832124] [local_costmap.local_costmap]: Timed out waiting for transform from base_link to odom to become available, tf error: Invalid frame ID "odom" passed to canTransform argument target_frame - frame does not exist
[controller_server-7] [INFO] [1787143302.428811151] [local_costmap.local_costmap]: Timed out waiting for transform from base_link to odom to become available, tf error: Invalid frame ID "odom" passed to canTransform argument target_frame - frame does not exist
[amcl-5] [INFO] [1787143302.507770110] [amcl]: initialPoseReceived
[amcl-5] [INFO] [1787143302.507843368] [amcl]: Setting pose (0.000000): -1.407 3.864 0.000
[controller_server-7] [INFO] [1787143302.928802470] [local_costmap.local_costmap]: Timed out waiting for transform from base_link to odom to become available, tf error: Invalid frame ID "odom" passed to canTransform argument target_frame - frame does not exist
[controller_server-7] [INFO] [1787143303.428834246] [local_costmap.local_costmap]: Timed out waiting for transform from base_link to odom to become available, tf error: Invalid frame ID "odom" passed to canTransform argument target_frame - frame does not exist
[amcl-5] [INFO] [1787143303.508722509] [amcl]: initialPoseReceived
[amcl-5] [INFO] [1787143303.508839149] [amcl]: Setting pose (0.000000): -1.407 3.864 0.000
[controller_server-7] [INFO] [1787143303.928846785] [local_costmap.local_costmap]: Timed out waiting for transform from base_link to odom to become available, tf error: Invalid frame ID "odom" passed to canTransform argument target_frame - frame does not exist
[controller_server-7] [INFO] [1787143304.428919848] [local_costmap.local_costmap]: Timed out waiting for transform from base_link to odom to become available, tf error: Invalid frame ID "odom" passed to canTransform argument target_frame - frame does not exist
[amcl-5] [INFO] [1787143304.509754767] [amcl]: initialPoseReceived
[amcl-5] [INFO] [1787143304.509897266] [amcl]: Setting pose (0.000000): -1.407 3.864 0.000
[controller_server-7] [INFO] [1787143304.928855992] [local_costmap.local_costmap]: Timed out waiting for transform from base_link to odom to become available, tf error: Invalid frame ID "odom" passed to canTransform argument target_frame - frame does not exist
[controller_server-7] [INFO] [1787143305.428775428] [local_costmap.local_costmap]: Timed out waiting for transform from base_link to odom to become available, tf error: Invalid frame ID "odom" passed to canTransform argument target_frame - frame does not exist
[amcl-5] [INFO] [1787143305.510309956] [amcl]: initialPoseReceived
[amcl-5] [INFO] [1787143305.510411577] [amcl]: Setting pose (0.000000): -1.407 3.864 0.000
[controller_server-7] [INFO] [1787143305.928832000] [local_costmap.local_costmap]: Timed out waiting for transform from base_link to odom to become available, tf error: Invalid frame ID "odom" passed to canTransform argument target_frame - frame does not exist
[controller_server-7] [INFO] [1787143306.428871674] [local_costmap.local_costmap]: Timed out waiting for transform from base_link to odom to become available, tf error: Invalid frame ID "odom" passed to canTransform argument target_frame - frame does not exist
[amcl-5] [INFO] [1787143306.511192875] [amcl]: initialPoseReceived
[amcl-5] [INFO] [1787143306.511306419] [amcl]: Setting pose (0.000000): -1.407 3.864 0.000
[controller_server-7] [INFO] [1787143306.928847494] [local_costmap.local_costmap]: Timed out waiting for transform from base_link to odom to become available, tf error: Invalid frame ID "odom" passed to canTransform argument target_frame - frame does not exist
[controller_server-7] [INFO] [1787143307.428828602] [local_costmap.local_costmap]: Timed out waiting for transform from base_link to odom to become available, tf error: Invalid frame ID "odom" passed to canTransform argument target_frame - frame does not exist
[amcl-5] [INFO] [1787143307.512097585] [amcl]: initialPoseReceived
[amcl-5] [INFO] [1787143307.512209346] [amcl]: Setting pose (0.000000): -1.407 3.864 0.000
[controller_server-7] [INFO] [1787143307.928856120] [local_costmap.local_costmap]: Timed out waiting for transform from base_link to odom to become available, tf error: Invalid frame ID "odom" passed to canTransform argument target_frame - frame does not exist
[controller_server-7] [INFO] [1787143308.428832693] [local_costmap.local_costmap]: Timed out waiting for transform from base_link to odom to become available, tf error: Invalid frame ID "odom" passed to canTransform argument target_frame - frame does not exist
[amcl-5] [INFO] [1787143308.512825650] [amcl]: initialPoseReceived
[amcl-5] [INFO] [1787143308.512928775] [amcl]: Setting pose (0.000000): -1.407 3.864 0.000
[controller_server-7] [INFO] [1787143308.928811008] [local_costmap.local_costmap]: Timed out waiting for transform from base_link to odom to become available, tf error: Invalid frame ID "odom" passed to canTransform argument target_frame - frame does not exist
[controller_server-7] [INFO] [1787143309.428825733] [local_costmap.local_costmap]: Timed out waiting for transform from base_link to odom to become available, tf error: Invalid frame ID "odom" passed to canTransform argument target_frame - frame does not exist
[amcl-5] [INFO] [1787143309.513824498] [amcl]: initialPoseReceived
[amcl-5] [INFO] [1787143309.513948232] [amcl]: Setting pose (0.000000): -1.407 3.864 0.000
[controller_server-7] [INFO] [1787143309.928785111] [local_costmap.local_costmap]: Timed out waiting for transform from base_link to odom to become available, tf error: Invalid frame ID "odom" passed to canTransform argument target_frame - frame does not exist
[controller_server-7] [INFO] [1787143310.428835389] [local_costmap.local_costmap]: Timed out waiting for transform from base_link to odom to become available, tf error: Invalid frame ID "odom" passed to canTransform argument target_frame - frame does not exist
[amcl-5] [INFO] [1787143310.514609876] [amcl]: initialPoseReceived
[amcl-5] [INFO] [1787143310.514832165] [amcl]: Setting pose (0.000000): -1.407 3.864 0.000
[gzserver-1] [INFO] [1787143310.766548791] [turtlebot3_imu]: <initial_orientation_as_reference> is unset, using default value of false to comply with REP 145 (world as orientation reference)
[spawn_entity.py-3] [INFO] [1787143310.821064130] [spawn_entity]: Spawn status: SpawnEntity: Successfully spawned entity [burger]
[controller_server-7] [INFO] [1787143310.928781100] [local_costmap.local_costmap]: Timed out waiting for transform from base_link to odom to become available, tf error: Invalid frame ID "odom" passed to canTransform argument target_frame - frame does not exist
[gzserver-1] [INFO] [1787143310.937110045] [turtlebot3_diff_drive]: Wheel pair 1 separation set to [0.160000m]
[gzserver-1] [INFO] [1787143310.937142075] [turtlebot3_diff_drive]: Wheel pair 1 diameter set to [0.066000m]
[gzserver-1] [INFO] [1787143310.937942836] [turtlebot3_diff_drive]: Subscribed to [/cmd_vel]
[gzserver-1] [INFO] [1787143310.939354930] [turtlebot3_diff_drive]: Advertise odometry on [/odom]
[gzserver-1] [INFO] [1787143310.940902801] [turtlebot3_diff_drive]: Publishing odom transforms between [odom] and [base_footprint]
[gzserver-1] [INFO] [1787143310.948462694] [turtlebot3_joint_state]: Going to publish joint [wheel_left_joint]
[gzserver-1] [INFO] [1787143310.948491870] [turtlebot3_joint_state]: Going to publish joint [wheel_right_joint]
[INFO] [spawn_entity.py-3]: process has finished cleanly [pid 57433]
[amcl-5] [INFO] [1787143311.051756248] [amcl]: initialPoseReceived
[amcl-5] [INFO] [1787143311.051875182] [amcl]: Setting pose (0.100000): -1.407 3.864 0.000
[amcl-5] [INFO] [1787143311.151991200] [amcl]: initialPoseReceived
[amcl-5] [INFO] [1787143311.152053999] [amcl]: Setting pose (0.200000): -1.407 3.864 0.000
[amcl-5] [INFO] [1787143311.156275213] [amcl]: createLaserObject
[controller_server-7] [INFO] [1787143311.428851447] [local_costmap.local_costmap]: start
[controller_server-7] [INFO] [1787143311.629630104] [controller_server]: Creating bond (controller_server) to lifecycle manager.
[lifecycle_manager-14] [INFO] [1787143311.733329173] [lifecycle_manager_navigation]: Server controller_server connected with bond.
[lifecycle_manager-14] [INFO] [1787143311.733372174] [lifecycle_manager_navigation]: [34m[1mActivating smoother_server[0m[0m
[smoother_server-8] [INFO] [1787143311.733656160] [smoother_server]: Activating
[smoother_server-8] [INFO] [1787143311.733692809] [smoother_server]: Creating bond (smoother_server) to lifecycle manager.
[lifecycle_manager-14] [INFO] [1787143311.836686987] [lifecycle_manager_navigation]: Server smoother_server connected with bond.
[lifecycle_manager-14] [INFO] [1787143311.836751008] [lifecycle_manager_navigation]: [34m[1mActivating planner_server[0m[0m
[planner_server-9] [INFO] [1787143311.837173625] [planner_server]: Activating
[planner_server-9] [INFO] [1787143311.837220113] [global_costmap.global_costmap]: Activating
[planner_server-9] [INFO] [1787143311.837234520] [global_costmap.global_costmap]: Checking transform
[planner_server-9] [INFO] [1787143311.837295566] [global_costmap.global_costmap]: Timed out waiting for transform from base_link to map to become available, tf error: Lookup would require extrapolation into the past.  Requested time 0.851000 but the earliest data is at time 1.201000, when looking up transform from frame [base_link] to frame [map]
[planner_server-9] [INFO] [1787143312.337396942] [global_costmap.global_costmap]: start
[planner_server-9] [INFO] [1787143313.388303301] [CustomPlanner]: Activating plugin GridBased of type CustomPlanner
[planner_server-9] [INFO] [1787143313.389954847] [planner_server]: Creating bond (planner_server) to lifecycle manager.
[lifecycle_manager-14] [INFO] [1787143313.493201602] [lifecycle_manager_navigation]: Server planner_server connected with bond.
[lifecycle_manager-14] [INFO] [1787143313.493248380] [lifecycle_manager_navigation]: [34m[1mActivating behavior_server[0m[0m
[behavior_server-10] [INFO] [1787143313.493523339] [behavior_server]: Activating
[behavior_server-10] [INFO] [1787143313.493547204] [behavior_server]: Activating spin
[behavior_server-10] [INFO] [1787143313.493555700] [behavior_server]: Activating backup
[behavior_server-10] [INFO] [1787143313.493561601] [behavior_server]: Activating drive_on_heading
[behavior_server-10] [INFO] [1787143313.493567192] [behavior_server]: Activating assisted_teleop
[behavior_server-10] [INFO] [1787143313.493573093] [behavior_server]: Activating wait
[behavior_server-10] [INFO] [1787143313.493581549] [behavior_server]: Creating bond (behavior_server) to lifecycle manager.
[lifecycle_manager-14] [INFO] [1787143313.596149233] [lifecycle_manager_navigation]: Server behavior_server connected with bond.
[lifecycle_manager-14] [INFO] [1787143313.596195109] [lifecycle_manager_navigation]: [34m[1mActivating bt_navigator[0m[0m
[bt_navigator-11] [INFO] [1787143313.596675295] [bt_navigator]: Activating
[bt_navigator-11] [INFO] [1787143313.623108359] [bt_navigator]: Creating bond (bt_navigator) to lifecycle manager.
[lifecycle_manager-14] [INFO] [1787143313.725600069] [lifecycle_manager_navigation]: Server bt_navigator connected with bond.
[lifecycle_manager-14] [INFO] [1787143313.725661696] [lifecycle_manager_navigation]: [34m[1mActivating waypoint_follower[0m[0m
[waypoint_follower-12] [INFO] [1787143313.726019370] [waypoint_follower]: Activating
[waypoint_follower-12] [INFO] [1787143313.726048465] [waypoint_follower]: Creating bond (waypoint_follower) to lifecycle manager.
[lifecycle_manager-14] [INFO] [1787143313.828589559] [lifecycle_manager_navigation]: Server waypoint_follower connected with bond.
[lifecycle_manager-14] [INFO] [1787143313.828652067] [lifecycle_manager_navigation]: [34m[1mActivating velocity_smoother[0m[0m
[velocity_smoother-13] [INFO] [1787143313.829004702] [velocity_smoother]: Activating
[velocity_smoother-13] [INFO] [1787143313.829080836] [velocity_smoother]: Creating bond (velocity_smoother) to lifecycle manager.
[lifecycle_manager-14] [INFO] [1787143313.932317341] [lifecycle_manager_navigation]: Server velocity_smoother connected with bond.
[lifecycle_manager-14] [INFO] [1787143313.932354501] [lifecycle_manager_navigation]: [34m[1mManaged nodes are active[0m[0m
[lifecycle_manager-14] [INFO] [1787143313.932362096] [lifecycle_manager_navigation]: [34m[1mCreating bond timer...[0m[0m
[bt_navigator-11] [INFO] [1787143314.074762405] [bt_navigator]: Begin navigating from current location (-1.40, 3.85) to (6.05, 1.00)
[controller_server-7] [INFO] [1787143314.095502097] [controller_server]: Received a goal, begin computing control effort.
[controller_server-7] [WARN] [1787143314.095562521] [controller_server]: No goal checker was specified in parameter 'current_goal_checker'. Server will use only plugin loaded general_goal_checker . This warning will appear once.
[controller_server-7] [INFO] [1787143315.145859951] [controller_server]: Passing new path to controller.
[controller_server-7] [INFO] [1787143316.195847728] [controller_server]: Passing new path to controller.
[controller_server-7] [INFO] [1787143317.195849831] [controller_server]: Passing new path to controller.
[controller_server-7] [INFO] [1787143318.245895006] [controller_server]: Passing new path to controller.
[controller_server-7] [INFO] [1787143319.245869197] [controller_server]: Passing new path to controller.
[controller_server-7] [INFO] [1787143320.295870739] [controller_server]: Passing new path to controller.
[controller_server-7] [INFO] [1787143321.295898072] [controller_server]: Passing new path to controller.
[controller_server-7] [INFO] [1787143322.345851775] [controller_server]: Passing new path to controller.
[controller_server-7] [INFO] [1787143323.395849600] [controller_server]: Passing new path to controller.
[planner_server-9] [WARN] [1787143324.367766963] [planner_server]: Planner loop missed its desired rate of 20.0000 Hz. Current loop rate is 10.0000 Hz
[controller_server-7] [INFO] [1787143324.395869557] [controller_server]: Passing new path to controller.
[controller_server-7] [INFO] [1787143325.445877201] [controller_server]: Passing new path to controller.
[controller_server-7] [INFO] [1787143326.445849449] [controller_server]: Passing new path to controller.
[controller_server-7] [INFO] [1787143327.495860389] [controller_server]: Passing new path to controller.
[controller_server-7] [INFO] [1787143328.545860508] [controller_server]: Passing new path to controller.
[planner_server-9] [WARN] [1787143329.515235034] [CustomPlanner]: Start cell is lethal or unknown; no path.
[planner_server-9] [WARN] [1787143329.515293775] [planner_server]: Planning algorithm GridBased failed to generate a valid path to (6.05, 1.00)
[planner_server-9] [WARN] [1787143329.515336346] [planner_server]: [compute_path_to_pose] [ActionServer] Aborting handle.
[planner_server-9] [INFO] [1787143329.535052125] [global_costmap.global_costmap]: Received request to clear entirely the global_costmap
[planner_server-9] [WARN] [1787143330.345721248] [CustomPlanner]: Start cell is lethal or unknown; no path.
[planner_server-9] [WARN] [1787143330.345764780] [planner_server]: Planning algorithm GridBased failed to generate a valid path to (6.05, 1.00)
[planner_server-9] [WARN] [1787143330.345796099] [planner_server]: [compute_path_to_pose] [ActionServer] Aborting handle.
[bt_navigator-11] [ERROR] [1787143330.385360989] [bt_navigator_navigate_to_pose_rclcpp_node]: Failed to get result for follow_path in node halt!
[controller_server-7] [INFO] [1787143330.385767456] [local_costmap.local_costmap]: Received request to clear entirely the local_costmap
[planner_server-9] [INFO] [1787143330.386592824] [global_costmap.global_costmap]: Received request to clear entirely the global_costmap
[bt_navigator-11] [WARN] [1787143330.387772790] [BehaviorTreeEngine]: Behavior Tree tick rate 100.00 was exceeded!
[controller_server-7] [INFO] [1787143330.395853426] [controller_server]: Goal was canceled. Stopping the robot.
[controller_server-7] [INFO] [1787143330.395900826] [controller_server]: [follow_path] [ActionServer] Client requested to cancel the goal. Cancelling.
[planner_server-9] [WARN] [1787143331.347764032] [CustomPlanner]: Start cell is lethal or unknown; no path.
[planner_server-9] [WARN] [1787143331.347810850] [planner_server]: Planning algorithm GridBased failed to generate a valid path to (6.05, 1.00)
[planner_server-9] [WARN] [1787143331.347848501] [planner_server]: [compute_path_to_pose] [ActionServer] Aborting handle.
[planner_server-9] [INFO] [1787143331.367983612] [global_costmap.global_costmap]: Received request to clear entirely the global_costmap
[planner_server-9] [WARN] [1787143332.348686312] [CustomPlanner]: Start cell is lethal or unknown; no path.
[planner_server-9] [WARN] [1787143332.348714725] [planner_server]: Planning algorithm GridBased failed to generate a valid path to (6.05, 1.00)
[planner_server-9] [WARN] [1787143332.348741225] [planner_server]: [compute_path_to_pose] [ActionServer] Aborting handle.
[behavior_server-10] [INFO] [1787143332.368413172] [behavior_server]: Running spin
[behavior_server-10] [INFO] [1787143332.368587090] [behavior_server]: Turning 1.57 for spin behavior.
[behavior_server-10] [WARN] [1787143332.568882275] [behavior_server]: Collision Ahead - Exiting Spin
[behavior_server-10] [WARN] [1787143332.568926909] [behavior_server]: spin failed
[behavior_server-10] [WARN] [1787143332.568942960] [behavior_server]: [spin] [ActionServer] Aborting handle.
[behavior_server-10] [INFO] [1787143332.598155217] [behavior_server]: Running wait
[behavior_server-10] [INFO] [1787143337.598310289] [behavior_server]: wait completed successfully
[planner_server-9] [WARN] [1787143337.628194003] [CustomPlanner]: Start cell is lethal or unknown; no path.
[planner_server-9] [WARN] [1787143337.628233488] [planner_server]: Planning algorithm GridBased failed to generate a valid path to (6.05, 1.00)
[planner_server-9] [WARN] [1787143337.628263995] [planner_server]: [compute_path_to_pose] [ActionServer] Aborting handle.
[planner_server-9] [INFO] [1787143337.647934429] [global_costmap.global_costmap]: Received request to clear entirely the global_costmap
[planner_server-9] [WARN] [1787143338.348733670] [CustomPlanner]: Start cell is lethal or unknown; no path.
[planner_server-9] [WARN] [1787143338.348774037] [planner_server]: Planning algorithm GridBased failed to generate a valid path to (6.05, 1.00)
[planner_server-9] [WARN] [1787143338.348813331] [planner_server]: [compute_path_to_pose] [ActionServer] Aborting handle.
[behavior_server-10] [INFO] [1787143338.368249272] [behavior_server]: Running backup
[behavior_server-10] [INFO] [1787143338.368353238] [behavior_server]: DriveOnHeading: no acceleration or deceleration limits set
[behavior_server-10] [INFO] [1787143344.468495104] [behavior_server]: backup completed successfully
[controller_server-7] [INFO] [1787143344.518249460] [controller_server]: Received a goal, begin computing control effort.
[planner_server-9] [WARN] [1787143345.528167393] [CustomPlanner]: Start cell is lethal or unknown; no path.
[planner_server-9] [WARN] [1787143345.528206657] [planner_server]: Planning algorithm GridBased failed to generate a valid path to (6.05, 1.00)
[planner_server-9] [WARN] [1787143345.528234780] [planner_server]: [compute_path_to_pose] [ActionServer] Aborting handle.
[planner_server-9] [INFO] [1787143345.547984233] [global_costmap.global_costmap]: Received request to clear entirely the global_costmap
[planner_server-9] [WARN] [1787143346.348577394] [CustomPlanner]: Start cell is lethal or unknown; no path.
[planner_server-9] [WARN] [1787143346.348617270] [planner_server]: Planning algorithm GridBased failed to generate a valid path to (6.05, 1.00)
[planner_server-9] [WARN] [1787143346.348658688] [planner_server]: [compute_path_to_pose] [ActionServer] Aborting handle.
[controller_server-7] [INFO] [1787143346.368534299] [controller_server]: Goal was canceled. Stopping the robot.
[controller_server-7] [INFO] [1787143346.368593891] [controller_server]: [follow_path] [ActionServer] Client requested to cancel the goal. Cancelling.
[controller_server-7] [INFO] [1787143346.368855755] [local_costmap.local_costmap]: Received request to clear entirely the local_costmap
[planner_server-9] [INFO] [1787143346.369235271] [global_costmap.global_costmap]: Received request to clear entirely the global_costmap
[planner_server-9] [WARN] [1787143347.340254531] [CustomPlanner]: Start cell is lethal or unknown; no path.
[planner_server-9] [WARN] [1787143347.340279528] [planner_server]: Planning algorithm GridBased failed to generate a valid path to (6.05, 1.00)
[planner_server-9] [WARN] [1787143347.340299536] [planner_server]: [compute_path_to_pose] [ActionServer] Aborting handle.
[planner_server-9] [INFO] [1787143347.358017826] [global_costmap.global_costmap]: Received request to clear entirely the global_costmap
[planner_server-9] [WARN] [1787143348.348692011] [CustomPlanner]: Start cell is lethal or unknown; no path.
[planner_server-9] [WARN] [1787143348.348719923] [planner_server]: Planning algorithm GridBased failed to generate a valid path to (6.05, 1.00)
[planner_server-9] [WARN] [1787143348.348745351] [planner_server]: [compute_path_to_pose] [ActionServer] Aborting handle.
[behavior_server-10] [INFO] [1787143348.368191722] [behavior_server]: Running spin
[behavior_server-10] [INFO] [1787143348.368277274] [behavior_server]: Turning 1.57 for spin behavior.
[behavior_server-10] [INFO] [1787143350.068438661] [behavior_server]: spin completed successfully
[planner_server-9] [WARN] [1787143350.098084416] [CustomPlanner]: Start cell is lethal or unknown; no path.
[planner_server-9] [WARN] [1787143350.098109353] [planner_server]: Planning algorithm GridBased failed to generate a valid path to (6.05, 1.00)
[planner_server-9] [WARN] [1787143350.098126556] [planner_server]: [compute_path_to_pose] [ActionServer] Aborting handle.
[planner_server-9] [INFO] [1787143350.118043054] [global_costmap.global_costmap]: Received request to clear entirely the global_costmap
[planner_server-9] [WARN] [1787143350.338769448] [CustomPlanner]: Start cell is lethal or unknown; no path.
[planner_server-9] [WARN] [1787143350.338795017] [planner_server]: Planning algorithm GridBased failed to generate a valid path to (6.05, 1.00)
[planner_server-9] [WARN] [1787143350.338814133] [planner_server]: [compute_path_to_pose] [ActionServer] Aborting handle.
[behavior_server-10] [INFO] [1787143350.358140227] [behavior_server]: Running wait
[behavior_server-10] [INFO] [1787143355.358313333] [behavior_server]: wait completed successfully
[controller_server-7] [INFO] [1787143355.408109277] [controller_server]: Received a goal, begin computing control effort.
[planner_server-9] [WARN] [1787143356.418223080] [CustomPlanner]: Start cell is lethal or unknown; no path.
[planner_server-9] [WARN] [1787143356.418264799] [planner_server]: Planning algorithm GridBased failed to generate a valid path to (6.05, 1.00)
[planner_server-9] [WARN] [1787143356.418301007] [planner_server]: [compute_path_to_pose] [ActionServer] Aborting handle.
[planner_server-9] [INFO] [1787143356.437977292] [global_costmap.global_costmap]: Received request to clear entirely the global_costmap
[planner_server-9] [WARN] [1787143357.349317449] [planner_server]: Planner loop missed its desired rate of 20.0000 Hz. Current loop rate is 1.1111 Hz
[controller_server-7] [INFO] [1787143357.408384487] [controller_server]: Passing new path to controller.
[controller_server-7] [INFO] [1787143358.408373726] [controller_server]: Passing new path to controller.
[controller_server-7] [ERROR] [1787143358.561294335] [DWBLocalPlanner]: No valid trajectories out of 419! 
[controller_server-7] [ERROR] [1787143358.561361091] [DWBLocalPlanner]: 1.00: BaseObstacle/Trajectory Hits Obstacle.
[controller_server-7] [WARN] [1787143358.561442765] [controller_server]: No valid trajectories out of 419! 
[controller_server-7] [INFO] [1787143359.458387632] [controller_server]: Passing new path to controller.
[controller_server-7] [INFO] [1787143360.458382582] [controller_server]: Passing new path to controller.
[controller_server-7] [INFO] [1787143361.508380879] [controller_server]: Passing new path to controller.
[controller_server-7] [INFO] [1787143362.508368866] [controller_server]: Passing new path to controller.
[controller_server-7] [INFO] [1787143363.558389784] [controller_server]: Passing new path to controller.
[controller_server-7] [INFO] [1787143364.608381749] [controller_server]: Passing new path to controller.
[controller_server-7] [INFO] [1787143365.608382300] [controller_server]: Passing new path to controller.
[controller_server-7] [INFO] [1787143366.658379804] [controller_server]: Passing new path to controller.
[controller_server-7] [INFO] [1787143367.658370607] [controller_server]: Passing new path to controller.
[controller_server-7] [INFO] [1787143368.708427002] [controller_server]: Passing new path to controller.
[controller_server-7] [INFO] [1787143369.758379512] [controller_server]: Passing new path to controller.
[controller_server-7] [INFO] [1787143370.758376547] [controller_server]: Passing new path to controller.
[controller_server-7] [INFO] [1787143371.808382918] [controller_server]: Passing new path to controller.
[controller_server-7] [INFO] [1787143372.808376436] [controller_server]: Passing new path to controller.
[controller_server-7] [INFO] [1787143373.858383759] [controller_server]: Passing new path to controller.
[controller_server-7] [INFO] [1787143374.908388086] [controller_server]: Passing new path to controller.
[controller_server-7] [INFO] [1787143375.908381343] [controller_server]: Passing new path to controller.
[controller_server-7] [INFO] [1787143376.958377786] [controller_server]: Passing new path to controller.
[controller_server-7] [INFO] [1787143377.958375502] [controller_server]: Passing new path to controller.
[controller_server-7] [INFO] [1787143379.008382584] [controller_server]: Passing new path to controller.
[controller_server-7] [INFO] [1787143380.058379668] [controller_server]: Passing new path to controller.
[controller_server-7] [INFO] [1787143381.058400157] [controller_server]: Passing new path to controller.
[controller_server-7] [INFO] [1787143382.108382383] [controller_server]: Passing new path to controller.
[controller_server-7] [INFO] [1787143383.108376512] [controller_server]: Passing new path to controller.
[planner_server-9] [WARN] [1787143384.118636419] [planner_server]: Planner loop missed its desired rate of 20.0000 Hz. Current loop rate is 10.0000 Hz
[controller_server-7] [INFO] [1787143384.158387832] [controller_server]: Passing new path to controller.
[controller_server-7] [INFO] [1787143385.208378534] [controller_server]: Passing new path to controller.
[controller_server-7] [INFO] [1787143386.208387871] [controller_server]: Passing new path to controller.
[controller_server-7] [INFO] [1787143387.258377862] [controller_server]: Passing new path to controller.
[controller_server-7] [INFO] [1787143388.110197066] [controller_server]: Reached the goal!
[bt_navigator-11] [INFO] [1787143388.147999391] [bt_navigator]: Goal succeeded
[bt_navigator-11] [INFO] [1787143388.162438474] [bt_navigator]: Begin navigating from current location (5.78, 0.96) to (3.62, 1.04)
[controller_server-7] [INFO] [1787143388.183140184] [controller_server]: Received a goal, begin computing control effort.
[controller_server-7] [INFO] [1787143389.233398280] [controller_server]: Passing new path to controller.
[planner_server-9] [WARN] [1787143390.223356714] [planner_server]: Planner loop missed its desired rate of 20.0000 Hz. Current loop rate is 10.0000 Hz
[controller_server-7] [INFO] [1787143390.283400514] [controller_server]: Passing new path to controller.
[controller_server-7] [INFO] [1787143391.283404481] [controller_server]: Passing new path to controller.
[controller_server-7] [INFO] [1787143392.333411153] [controller_server]: Passing new path to controller.
[controller_server-7] [INFO] [1787143393.333404771] [controller_server]: Passing new path to controller.
[controller_server-7] [INFO] [1787143394.383429166] [controller_server]: Passing new path to controller.
[controller_server-7] [INFO] [1787143395.433406894] [controller_server]: Passing new path to controller.
[controller_server-7] [INFO] [1787143396.433398187] [controller_server]: Passing new path to controller.
[controller_server-7] [INFO] [1787143397.483445526] [controller_server]: Passing new path to controller.
[controller_server-7] [INFO] [1787143398.483395031] [controller_server]: Passing new path to controller.
[controller_server-7] [INFO] [1787143399.533404529] [controller_server]: Passing new path to controller.
[controller_server-7] [INFO] [1787143400.583417804] [controller_server]: Passing new path to controller.
[controller_server-7] [INFO] [1787143401.583403777] [controller_server]: Passing new path to controller.
[controller_server-7] [INFO] [1787143402.633400279] [controller_server]: Passing new path to controller.
[controller_server-7] [INFO] [1787143403.683408404] [controller_server]: Passing new path to controller.
[controller_server-7] [INFO] [1787143404.683408053] [controller_server]: Passing new path to controller.
[controller_server-7] [INFO] [1787143405.036279147] [controller_server]: Reached the goal!
[bt_navigator-11] [INFO] [1787143405.072617330] [bt_navigator]: Goal succeeded
[bt_navigator-11] [INFO] [1787143405.110753575] [bt_navigator]: Begin navigating from current location (3.82, 1.05) to (-2.72, 4.03)
[controller_server-7] [INFO] [1787143405.131160458] [controller_server]: Received a goal, begin computing control effort.
[controller_server-7] [INFO] [1787143406.181370083] [controller_server]: Passing new path to controller.
[controller_server-7] [INFO] [1787143407.231367387] [controller_server]: Passing new path to controller.
[controller_server-7] [INFO] [1787143408.231375332] [controller_server]: Passing new path to controller.
[controller_server-7] [INFO] [1787143409.281371564] [controller_server]: Passing new path to controller.
[controller_server-7] [INFO] [1787143410.281367747] [controller_server]: Passing new path to controller.
[controller_server-7] [INFO] [1787143411.331369029] [controller_server]: Passing new path to controller.
[controller_server-7] [INFO] [1787143412.381369429] [controller_server]: Passing new path to controller.
[controller_server-7] [INFO] [1787143413.381378786] [controller_server]: Passing new path to controller.
[controller_server-7] [INFO] [1787143414.431370340] [controller_server]: Passing new path to controller.
[controller_server-7] [INFO] [1787143415.431367134] [controller_server]: Passing new path to controller.
[controller_server-7] [INFO] [1787143416.481399163] [controller_server]: Passing new path to controller.
[controller_server-7] [INFO] [1787143417.481364338] [controller_server]: Passing new path to controller.
[controller_server-7] [INFO] [1787143418.531385677] [controller_server]: Passing new path to controller.
[controller_server-7] [INFO] [1787143419.581398972] [controller_server]: Passing new path to controller.
[controller_server-7] [INFO] [1787143420.581369085] [controller_server]: Passing new path to controller.
[controller_server-7] [INFO] [1787143421.631368113] [controller_server]: Passing new path to controller.
[controller_server-7] [INFO] [1787143422.631362883] [controller_server]: Passing new path to controller.
[controller_server-7] [INFO] [1787143423.681406795] [controller_server]: Passing new path to controller.
[controller_server-7] [INFO] [1787143424.731369995] [controller_server]: Passing new path to controller.
[controller_server-7] [INFO] [1787143425.731366368] [controller_server]: Passing new path to controller.
[controller_server-7] [INFO] [1787143426.781390312] [controller_server]: Passing new path to controller.
[controller_server-7] [INFO] [1787143427.781370976] [controller_server]: Passing new path to controller.
[controller_server-7] [ERROR] [1787143427.933618755] [DWBLocalPlanner]: No valid trajectories out of 419! 
[controller_server-7] [ERROR] [1787143427.933669731] [DWBLocalPlanner]: 1.00: BaseObstacle/Trajectory Hits Obstacle.
[controller_server-7] [WARN] [1787143427.933727340] [controller_server]: No valid trajectories out of 419! 
[controller_server-7] [ERROR] [1787143427.983395814] [DWBLocalPlanner]: No valid trajectories out of 419! 
[controller_server-7] [ERROR] [1787143427.983436020] [DWBLocalPlanner]: 1.00: BaseObstacle/Trajectory Hits Obstacle.
[controller_server-7] [WARN] [1787143427.983475735] [controller_server]: No valid trajectories out of 419! 
[controller_server-7] [INFO] [1787143428.831364613] [controller_server]: Passing new path to controller.
[controller_server-7] [INFO] [1787143429.881366456] [controller_server]: Passing new path to controller.
[controller_server-7] [INFO] [1787143430.881369522] [controller_server]: Passing new path to controller.
[controller_server-7] [INFO] [1787143431.931372366] [controller_server]: Passing new path to controller.
[controller_server-7] [INFO] [1787143432.931367397] [controller_server]: Passing new path to controller.
[controller_server-7] [INFO] [1787143433.981380481] [controller_server]: Passing new path to controller.
[controller_server-7] [INFO] [1787143435.031370271] [controller_server]: Passing new path to controller.
[controller_server-7] [INFO] [1787143436.031364360] [controller_server]: Passing new path to controller.
[controller_server-7] [INFO] [1787143437.081376422] [controller_server]: Passing new path to controller.
[controller_server-7] [INFO] [1787143438.081369519] [controller_server]: Passing new path to controller.
[controller_server-7] [INFO] [1787143439.131368486] [controller_server]: Passing new path to controller.
[controller_server-7] [INFO] [1787143440.181370850] [controller_server]: Passing new path to controller.
[controller_server-7] [INFO] [1787143441.181363536] [controller_server]: Passing new path to controller.
[controller_server-7] [INFO] [1787143442.231347706] [controller_server]: Passing new path to controller.
[controller_server-7] [INFO] [1787143443.231370408] [controller_server]: Passing new path to controller.
[controller_server-7] [INFO] [1787143444.281388522] [controller_server]: Passing new path to controller.
[controller_server-7] [INFO] [1787143445.331365618] [controller_server]: Passing new path to controller.
[controller_server-7] [INFO] [1787143446.331377580] [controller_server]: Passing new path to controller.
[controller_server-7] [INFO] [1787143447.381363994] [controller_server]: Passing new path to controller.
[controller_server-7] [INFO] [1787143448.381379343] [controller_server]: Passing new path to controller.
[controller_server-7] [INFO] [1787143449.431385384] [controller_server]: Passing new path to controller.
[controller_server-7] [INFO] [1787143450.431361919] [controller_server]: Passing new path to controller.
[controller_server-7] [INFO] [1787143451.481366217] [controller_server]: Passing new path to controller.
[controller_server-7] [INFO] [1787143451.534271588] [controller_server]: Reached the goal!
[bt_navigator-11] [INFO] [1787143451.571025234] [bt_navigator]: Goal succeeded
[bt_navigator-11] [INFO] [1787143451.587516269] [bt_navigator]: Begin navigating from current location (-2.63, 3.87) to (-6.04, 3.53)
[controller_server-7] [INFO] [1787143451.608113522] [controller_server]: Received a goal, begin computing control effort.
[controller_server-7] [INFO] [1787143452.658380896] [controller_server]: Passing new path to controller.
[controller_server-7] [INFO] [1787143453.708376337] [controller_server]: Passing new path to controller.
[controller_server-7] [INFO] [1787143454.708370566] [controller_server]: Passing new path to controller.
[controller_server-7] [INFO] [1787143455.758419167] [controller_server]: Passing new path to controller.
[controller_server-7] [INFO] [1787143456.758415269] [controller_server]: Passing new path to controller.
[controller_server-7] [INFO] [1787143457.808372929] [controller_server]: Passing new path to controller.
[controller_server-7] [INFO] [1787143458.858419646] [controller_server]: Passing new path to controller.
[controller_server-7] [INFO] [1787143459.858392325] [controller_server]: Passing new path to controller.
[controller_server-7] [INFO] [1787143460.908372346] [controller_server]: Passing new path to controller.
[controller_server-7] [INFO] [1787143461.908377997] [controller_server]: Passing new path to controller.
[controller_server-7] [INFO] [1787143462.958379609] [controller_server]: Passing new path to controller.
[controller_server-7] [INFO] [1787143464.008372585] [controller_server]: Passing new path to controller.
[controller_server-7] [INFO] [1787143465.008369800] [controller_server]: Passing new path to controller.
[controller_server-7] [INFO] [1787143466.058411729] [controller_server]: Passing new path to controller.
[controller_server-7] [INFO] [1787143467.058395648] [controller_server]: Passing new path to controller.
[controller_server-7] [INFO] [1787143468.108369278] [controller_server]: Passing new path to controller.
[controller_server-7] [INFO] [1787143469.108364959] [controller_server]: Passing new path to controller.
[controller_server-7] [INFO] [1787143470.158373394] [controller_server]: Passing new path to controller.
[controller_server-7] [INFO] [1787143471.208381810] [controller_server]: Passing new path to controller.
[controller_server-7] [INFO] [1787143472.208381359] [controller_server]: Passing new path to controller.
[controller_server-7] [INFO] [1787143473.258379855] [controller_server]: Passing new path to controller.
[controller_server-7] [INFO] [1787143474.258378763] [controller_server]: Passing new path to controller.
[controller_server-7] [INFO] [1787143474.360600183] [controller_server]: Reached the goal!
[bt_navigator-11] [INFO] [1787143474.397753534] [bt_navigator]: Goal succeeded
[bt_navigator-11] [INFO] [1787143474.417651237] [bt_navigator]: Begin navigating from current location (-5.80, 3.57) to (-6.39, -2.78)
[controller_server-7] [INFO] [1787143474.438224754] [controller_server]: Received a goal, begin computing control effort.
[controller_server-7] [INFO] [1787143475.488449147] [controller_server]: Passing new path to controller.
[controller_server-7] [INFO] [1787143476.538409124] [controller_server]: Passing new path to controller.
[controller_server-7] [INFO] [1787143477.538407471] [controller_server]: Passing new path to controller.
[controller_server-7] [INFO] [1787143478.588407280] [controller_server]: Passing new path to controller.
[controller_server-7] [INFO] [1787143479.588402511] [controller_server]: Passing new path to controller.
[controller_server-7] [INFO] [1787143480.638409634] [controller_server]: Passing new path to controller.
[controller_server-7] [INFO] [1787143481.688449708] [controller_server]: Passing new path to controller.
[controller_server-7] [INFO] [1787143482.688414461] [controller_server]: Passing new path to controller.
[controller_server-7] [INFO] [1787143483.738845654] [controller_server]: Passing new path to controller.
[controller_server-7] [INFO] [1787143484.738397037] [controller_server]: Passing new path to controller.
[controller_server-7] [INFO] [1787143485.788397988] [controller_server]: Passing new path to controller.
[controller_server-7] [INFO] [1787143486.838409469] [controller_server]: Passing new path to controller.
[controller_server-7] [INFO] [1787143487.838410080] [controller_server]: Passing new path to controller.
[controller_server-7] [INFO] [1787143488.888415089] [controller_server]: Passing new path to controller.
[controller_server-7] [INFO] [1787143489.888404359] [controller_server]: Passing new path to controller.
[controller_server-7] [INFO] [1787143490.938407825] [controller_server]: Passing new path to controller.
[controller_server-7] [INFO] [1787143491.988406351] [controller_server]: Passing new path to controller.
[controller_server-7] [INFO] [1787143492.988412613] [controller_server]: Passing new path to controller.
[controller_server-7] [INFO] [1787143494.038408314] [controller_server]: Passing new path to controller.
[controller_server-7] [INFO] [1787143495.038407783] [controller_server]: Passing new path to controller.
[controller_server-7] [INFO] [1787143496.088413613] [controller_server]: Passing new path to controller.
[controller_server-7] [INFO] [1787143497.138405187] [controller_server]: Passing new path to controller.
[controller_server-7] [INFO] [1787143498.138415356] [controller_server]: Passing new path to controller.
[controller_server-7] [INFO] [1787143499.188421627] [controller_server]: Passing new path to controller.
[controller_server-7] [INFO] [1787143500.188411097] [controller_server]: Passing new path to controller.
[controller_server-7] [INFO] [1787143501.238404744] [controller_server]: Passing new path to controller.
[controller_server-7] [INFO] [1787143502.288457584] [controller_server]: Passing new path to controller.
[controller_server-7] [INFO] [1787143503.288408040] [controller_server]: Passing new path to controller.
[controller_server-7] [INFO] [1787143504.338405154] [controller_server]: Passing new path to controller.
[controller_server-7] [INFO] [1787143505.338408901] [controller_server]: Passing new path to controller.
[controller_server-7] [INFO] [1787143506.388401186] [controller_server]: Passing new path to controller.
[controller_server-7] [INFO] [1787143507.438417776] [controller_server]: Passing new path to controller.
[controller_server-7] [INFO] [1787143508.438404852] [controller_server]: Passing new path to controller.
[controller_server-7] [INFO] [1787143509.488413257] [controller_server]: Passing new path to controller.
[controller_server-7] [INFO] [1787143510.488402046] [controller_server]: Passing new path to controller.
[controller_server-7] [INFO] [1787143511.538412996] [controller_server]: Passing new path to controller.
[controller_server-7] [INFO] [1787143511.642043144] [controller_server]: Reached the goal!
[bt_navigator-11] [INFO] [1787143511.677857889] [bt_navigator]: Goal succeeded
[WARNING] [launch]: user interrupted with ctrl-c (SIGINT)
[lifecycle_manager-6] [INFO] [1787143511.680601506] [rclcpp]: signal_handler(SIGINT/SIGTERM)
[lifecycle_manager-6] [INFO] [1787143511.680717174] [lifecycle_manager_localization]: Running Nav2 LifecycleManager rcl preshutdown (lifecycle_manager_localization)
[lifecycle_manager-6] [INFO] [1787143511.680805390] [lifecycle_manager_localization]: [34m[1mTerminating bond timer...[0m[0m
[smoother_server-8] [INFO] [1787143511.680603730] [rclcpp]: signal_handler(SIGINT/SIGTERM)
[smoother_server-8] [INFO] [1787143511.680698499] [smoother_server]: Running Nav2 LifecycleNode rcl preshutdown (smoother_server)
[smoother_server-8] [INFO] [1787143511.680763351] [smoother_server]: Deactivating
[smoother_server-8] [INFO] [1787143511.680783810] [smoother_server]: Destroying bond (smoother_server) to lifecycle manager.
[bt_navigator-11] [INFO] [1787143511.680604792] [rclcpp]: signal_handler(SIGINT/SIGTERM)
[bt_navigator-11] [INFO] [1787143511.680678611] [bt_navigator]: Running Nav2 LifecycleNode rcl preshutdown (bt_navigator)
[bt_navigator-11] [INFO] [1787143511.680755166] [bt_navigator]: Deactivating
[bt_navigator-11] [INFO] [1787143511.680785783] [bt_navigator]: Destroying bond (bt_navigator) to lifecycle manager.
[map_server-4] [INFO] [1787143511.680611685] [rclcpp]: signal_handler(SIGINT/SIGTERM)
[map_server-4] [INFO] [1787143511.680740428] [map_server]: Running Nav2 LifecycleNode rcl preshutdown (map_server)
[map_server-4] [INFO] [1787143511.680797646] [map_server]: Deactivating
[map_server-4] [INFO] [1787143511.680814518] [map_server]: Destroying bond (map_server) to lifecycle manager.
[controller_server-7] [INFO] [1787143511.680610943] [rclcpp]: signal_handler(SIGINT/SIGTERM)
[controller_server-7] [INFO] [1787143511.680710962] [controller_server]: Running Nav2 LifecycleNode rcl preshutdown (controller_server)
[controller_server-7] [INFO] [1787143511.680773410] [controller_server]: Deactivating
[controller_server-7] [INFO] [1787143511.680817844] [local_costmap.local_costmap]: Deactivating
[robot_state_publisher-2] [INFO] [1787143511.680617336] [rclcpp]: signal_handler(SIGINT/SIGTERM)
[waypoint_follower-12] [INFO] [1787143511.680649977] [rclcpp]: signal_handler(SIGINT/SIGTERM)
[waypoint_follower-12] [INFO] [1787143511.680740949] [waypoint_follower]: Running Nav2 LifecycleNode rcl preshutdown (waypoint_follower)
[waypoint_follower-12] [INFO] [1787143511.680797846] [waypoint_follower]: Deactivating
[waypoint_follower-12] [INFO] [1787143511.680815499] [waypoint_follower]: Destroying bond (waypoint_follower) to lifecycle manager.
[behavior_server-10] [INFO] [1787143511.680654105] [rclcpp]: signal_handler(SIGINT/SIGTERM)
[behavior_server-10] [INFO] [1787143511.680711543] [behavior_server]: Running Nav2 LifecycleNode rcl preshutdown (behavior_server)
[behavior_server-10] [INFO] [1787143511.680761337] [behavior_server]: Deactivating
[behavior_server-10] [INFO] [1787143511.680795852] [behavior_server]: Destroying bond (behavior_server) to lifecycle manager.
[planner_server-9] [INFO] [1787143511.680653804] [rclcpp]: signal_handler(SIGINT/SIGTERM)
[planner_server-9] [INFO] [1787143511.680716883] [planner_server]: Running Nav2 LifecycleNode rcl preshutdown (planner_server)
[planner_server-9] [INFO] [1787143511.680780373] [planner_server]: Deactivating
[planner_server-9] [INFO] [1787143511.680817283] [global_costmap.global_costmap]: Deactivating
[velocity_smoother-13] [INFO] [1787143511.680624219] [rclcpp]: signal_handler(SIGINT/SIGTERM)
[velocity_smoother-13] [INFO] [1787143511.680818365] [velocity_smoother]: Running Nav2 LifecycleNode rcl preshutdown (velocity_smoother)
[velocity_smoother-13] [INFO] [1787143511.680922451] [velocity_smoother]: Deactivating
[velocity_smoother-13] [INFO] [1787143511.680964761] [velocity_smoother]: Destroying bond (velocity_smoother) to lifecycle manager.
[lifecycle_manager-14] [INFO] [1787143511.680715110] [rclcpp]: signal_handler(SIGINT/SIGTERM)
[lifecycle_manager-14] [INFO] [1787143511.680839244] [lifecycle_manager_navigation]: Running Nav2 LifecycleManager rcl preshutdown (lifecycle_manager_navigation)
[lifecycle_manager-14] [INFO] [1787143511.680912172] [lifecycle_manager_navigation]: [34m[1mTerminating bond timer...[0m[0m
[amcl-5] [INFO] [1787143511.681044892] [rclcpp]: signal_handler(SIGINT/SIGTERM)
[amcl-5] [INFO] [1787143511.681117820] [amcl]: Running Nav2 LifecycleNode rcl preshutdown (amcl)
[amcl-5] [INFO] [1787143511.681175178] [amcl]: Deactivating
[amcl-5] [INFO] [1787143511.681193102] [amcl]: Destroying bond (amcl) to lifecycle manager.
[smoother_server-8] [INFO] [1787143511.690997931] [smoother_server]: Cleaning up
[behavior_server-10] [INFO] [1787143511.691007850] [behavior_server]: Cleaning up
[map_server-4] [INFO] [1787143511.691011116] [map_server]: Cleaning up
[map_server-4] [INFO] [1787143511.691040752] [map_server]: Destroying bond (map_server) to lifecycle manager.
[bt_navigator-11] [INFO] [1787143511.691041494] [bt_navigator]: Cleaning up
[waypoint_follower-12] [INFO] [1787143511.691119741] [waypoint_follower]: Cleaning up
[velocity_smoother-13] [INFO] [1787143511.691316372] [velocity_smoother]: Cleaning up
[velocity_smoother-13] [INFO] [1787143511.691367809] [velocity_smoother]: Destroying bond (velocity_smoother) to lifecycle manager.
[amcl-5] [INFO] [1787143511.691584338] [amcl]: Cleaning up
[behavior_server-10] [INFO] [1787143511.694214791] [behavior_server]: Destroying bond (behavior_server) to lifecycle manager.
[amcl-5] [INFO] [1787143511.694255969] [amcl]: Destroying bond (amcl) to lifecycle manager.
[map_server-4] [INFO] [1787143511.694706819] [map_server]: Destroying
[waypoint_follower-12] [INFO] [1787143511.695098398] [waypoint_follower]: Destroying bond (waypoint_follower) to lifecycle manager.
[velocity_smoother-13] [INFO] [1787143511.695635642] [velocity_smoother]: Destroying
[smoother_server-8] [INFO] [1787143511.698634500] [smoother_server]: Destroying bond (smoother_server) to lifecycle manager.
[waypoint_follower-12] [INFO] [1787143511.699413530] [waypoint_follower]: Destroying
[smoother_server-8] [INFO] [1787143511.699576598] [smoother_server]: Destroying
[amcl-5] [INFO] [1787143511.699991701] [amcl]: Destroying
[lifecycle_manager-6] [INFO] [1787143511.707118087] [lifecycle_manager_localization]: Destroying lifecycle_manager_localization
[behavior_server-10] [INFO] [1787143511.712920615] [behavior_server]: Destroying
[bt_navigator-11] [INFO] [1787143511.728316173] [bt_navigator]: Completed Cleaning up
[bt_navigator-11] [INFO] [1787143511.728356489] [bt_navigator]: Destroying bond (bt_navigator) to lifecycle manager.
[bt_navigator-11] [INFO] [1787143511.730675525] [bt_navigator]: Destroying
[lifecycle_manager-14] [INFO] [1787143511.763063895] [lifecycle_manager_navigation]: Destroying lifecycle_manager_navigation
[INFO] [robot_state_publisher-2]: process has finished cleanly [pid 57431]
[INFO] [map_server-4]: process has finished cleanly [pid 57436]
[INFO] [velocity_smoother-13]: process has finished cleanly [pid 57456]
[INFO] [amcl-5]: process has finished cleanly [pid 57438]
[INFO] [smoother_server-8]: process has finished cleanly [pid 57444]
[INFO] [waypoint_follower-12]: process has finished cleanly [pid 57452]
[INFO] [lifecycle_manager-6]: process has finished cleanly [pid 57440]
[INFO] [behavior_server-10]: process has finished cleanly [pid 57448]
[controller_server-7] [INFO] [1787143511.829155375] [controller_server]: Destroying bond (controller_server) to lifecycle manager.
[INFO] [bt_navigator-11]: process has finished cleanly [pid 57450]
[controller_server-7] [INFO] [1787143511.839309204] [controller_server]: Cleaning up
[controller_server-7] [INFO] [1787143511.839474175] [local_costmap.local_costmap]: Cleaning up
[controller_server-7] [INFO] [1787143511.845208354] [controller_server]: Destroying bond (controller_server) to lifecycle manager.
[controller_server-7] [INFO] [1787143511.847326761] [local_costmap.local_costmap]: Destroying
[controller_server-7] [INFO] [1787143511.849120506] [controller_server]: Destroying
[INFO] [lifecycle_manager-14]: process has finished cleanly [pid 57458]
[INFO] [gzserver-1]: process has finished cleanly [pid 57429]
[INFO] [controller_server-7]: process has finished cleanly [pid 57442]
[planner_server-9] [INFO] [1787143512.338381438] [CustomPlanner]: Deactivating plugin GridBased of type CustomPlanner
[planner_server-9] [INFO] [1787143512.338434348] [planner_server]: Destroying bond (planner_server) to lifecycle manager.
[planner_server-9] [INFO] [1787143512.349328263] [planner_server]: Cleaning up
[planner_server-9] [INFO] [1787143512.352306812] [global_costmap.global_costmap]: Cleaning up
[planner_server-9] [INFO] [1787143512.353418560] [CustomPlanner]: Cleaning up plugin GridBased of type CustomPlanner
[planner_server-9] [INFO] [1787143512.355116413] [planner_server]: Destroying bond (planner_server) to lifecycle manager.
[planner_server-9] [INFO] [1787143512.357046895] [global_costmap.global_costmap]: Destroying
[planner_server-9] [INFO] [1787143512.358521648] [planner_server]: Destroying
[INFO] [planner_server-9]: process has finished cleanly [pid 57446]
